account_id,match_id,assists,camps_stacked,deaths,denies,firstblood_claimed,gold_per_min,kills,last_hits,obs_placed,roshans_killed,rune_pickups,stuns,teamfight_participation,towers_killed,start_time,isRadiant,win,lose
193418507,1363555042.0,6.0,,9.0,4.0,,446.0,7.0,169.0,,,,,,,1427803895.0,0.0,0.0,1.0
370141815,3616428420.6923075,7.3076923076923075,2.1,5.846153846153846,4.923076923076923,0.1,505.0,5.615384615384615,254.92307692307693,1.4,0.2,8.5,11.121608149999998,0.581294221,2.7,1513121917.6153846,0.46153846153846156,0.15384615384615385,0.8461538461538461
125581247,3982148787.2272725,10.090909090909092,1.4736842105263157,2.8636363636363638,15.909090909090908,0.05263157894736842,619.0454545454545,7.545454545454546,318.6818181818182,0.0,0.5263157894736842,5.7894736842105265,10.117961,0.6035484278947368,2.263157894736842,1529528220.4545455,0.3181818181818182,0.8181818181818182,0.18181818181818182
101586543,4081263325.12,8.92,0.8260869565217391,3.4,13.4,0.08695652173913043,545.04,6.88,256.8,0.43478260869565216,0.4782608695652174,7.086956521739131,12.83127714347826,0.6635837956521738,1.9565217391304348,1534075942.52,0.28,0.52,0.48
207983361,4960053893.8,15.88,1.9166666666666667,6.2,2.16,0.08333333333333333,294.96,3.2,41.32,14.125,0.041666666666666664,5.25,32.09517869375,0.5967200125,0.25,1574505752.12,0.48,0.68,0.32
103039499,5004464311.64,12.68,2.32,6.68,2.48,0.2,266.84,3.0,39.04,12.12,0.0,3.48,20.3319198,0.6284097452,0.08,1575812866.2,0.6,0.4,0.6
139174891,5102515678.4,10.56,1.72,3.6,16.32,0.12,517.76,5.76,257.24,0.28,0.32,3.76,35.348275622,0.6279793468,1.04,1573110523.44,0.52,0.6,0.4
113800818,5252648360.88,10.4,2.0,7.16,3.24,0.0,247.08,2.36,26.88,13.92,0.04,3.36,23.421195732,0.611833176,0.04,1581025662.4,0.48,0.36,0.64
86874930,5372410274.72,13.16,1.35,6.08,10.76,0.2,516.76,8.04,298.24,1.55,0.16,10.45,29.92229032,0.693420618,1.08,1598958739.16,0.72,0.36,0.64
192914280,5605892012.64,12.8,1.5833333333333333,7.76,7.44,0.125,431.36,4.12,210.72,0.25,0.125,4.916666666666667,20.53145698333333,0.6317475733333334,0.5,1599618137.72,0.76,0.32,0.68
117071713,5645989567.8,9.96,0.5,6.68,9.2,0.045454545454545456,390.04,4.64,157.92,0.7727272727272727,0.13636363636363635,2.909090909090909,27.833687889545455,0.573053389090909,0.6818181818181818,1605038229.72,0.36,0.28,0.72
128660724,5655208644.88,12.08,1.4,5.88,4.48,0.05,303.04,2.96,95.4,3.7,0.05,5.5,33.7879895,0.6841167314999999,0.3,1602625994.16,0.6,0.32,0.68
88933594,5842825525.48,10.24,1.12,5.92,10.2,0.04,405.48,3.76,179.4,0.04,0.08,3.56,22.42861924,0.6083801556,0.96,1613464283.0,0.48,0.36,0.64
288081116,5915977447.44,8.2,1.125,5.96,12.32,0.16666666666666666,441.28,4.04,236.12,0.16666666666666666,0.16666666666666666,2.875,14.680403591666668,0.6029405379166668,0.875,1620753960.32,0.32,0.32,0.68
317814449,5918636462.52,7.48,1.5,4.2,13.56,0.125,571.36,6.0,322.36,0.041666666666666664,0.5833333333333334,2.5,9.644987208333333,0.5362766920833333,1.4583333333333333,1617228184.28,0.32,0.32,0.68
93552791,6004797067.64,11.24,2.0416666666666665,8.2,2.36,0.16666666666666666,254.4,2.64,38.4,11.083333333333334,0.08333333333333333,3.0833333333333335,17.49129179583333,0.6259120183333332,0.25,1621741864.52,0.48,0.4,0.6
112669497,6048446565.84,12.56,1.44,8.96,2.2,0.12,275.32,3.52,56.44,3.96,0.08,5.48,23.1752009,0.7596706975999998,0.24,1624120539.12,0.36,0.32,0.68
89871557,6067398904.64,13.28,2.0833333333333335,4.88,7.92,0.041666666666666664,445.16,5.12,177.68,4.166666666666667,0.25,4.625,26.05499916666666,0.6163161991666667,0.875,1625557269.48,0.56,0.64,0.36
135656964,6171920597.12,12.24,1.16,5.52,5.84,0.08,372.24,3.04,144.04,4.68,0.08,2.72,14.044183744000001,0.6218219860000002,0.4,1631089122.84,0.56,0.36,0.64
90882159,6197715230.2,12.64,1.44,7.0,2.08,0.12,267.44,1.92,44.0,10.2,0.0,2.2,12.783049036,0.6187147632000001,0.08,1632704471.44,0.52,0.4,0.6
89423756,6199125343.32,13.32,1.72,5.32,2.6,0.0,271.8,1.08,52.36,12.4,0.2,3.48,14.5914422636,0.6349688011999999,0.32,1632784309.44,0.52,0.44,0.56
87197791,6235297628.64,11.08,2.32,7.08,4.28,0.08,400.96,3.92,181.08,3.08,0.12,6.08,32.278132764,0.6224947800000001,0.56,1634412640.88,0.28,0.28,0.72
117483894,6287701089.32,12.44,2.25,5.48,2.24,0.041666666666666664,259.2,1.92,56.64,5.291666666666667,0.0,3.7083333333333335,35.9521618375,0.5547401404166666,0.08333333333333333,1637439941.48,0.56,0.52,0.48
156662698,6356450056.04,12.04,0.8,3.64,9.92,0.04,445.84,4.6,219.28,0.32,0.12,2.56,19.478547303999996,0.635694358,0.88,1641232458.0,0.24,0.56,0.44
137676707,6366480146.4,10.64,1.48,4.32,9.8,0.08,538.16,7.6,316.48,1.84,0.12,11.36,30.277507024000005,0.6853918619999999,1.04,1641367295.2,0.6,0.32,0.68
164217422,6371003146.48,8.52,0.92,4.4,7.96,0.2,609.84,7.2,360.12,0.04,0.32,2.36,12.197765145,0.623427552,1.88,1641914805.6,0.32,0.24,0.76
123051238,6387555443.32,13.4,2.68,6.84,2.52,0.16,281.04,2.76,56.72,6.72,0.0,3.44,35.99833718120001,0.6648730460000002,0.0,1642683660.6,0.64,0.44,0.56
115750060,6401970705.84,17.04,1.64,9.4,2.12,0.04,276.12,2.4,39.84,12.12,0.0,2.8,36.02898927199999,0.6134285631999999,0.12,1643541857.24,0.4,0.44,0.56
5150808,6417597699.4,10.16,1.52,2.32,10.36,0.04,671.16,10.44,411.24,1.04,0.72,11.44,19.288929348,0.7335290824000001,2.2,1644145495.96,0.44,0.72,0.28
188423794,6441295161.68,7.04,2.84,3.92,8.6,0.08,618.08,8.24,356.12,0.08,0.6,3.32,22.259076296000003,0.5227746799999999,2.36,1645581647.4,0.52,0.36,0.64
166178728,6452515942.84,10.76,0.48,5.76,9.48,0.08,438.84,4.52,227.32,0.0,0.08,2.24,49.635698436000006,0.6601831084000002,0.4,1646170647.16,0.36,0.32,0.68
171211166,6453048882.44,6.56,1.76,3.24,13.0,0.12,571.56,5.44,314.48,0.0,0.48,1.96,10.187320847999999,0.6279557836000002,1.64,1646225595.2,0.48,0.28,0.72
116514161,6456752478.72,8.24,0.84,4.6,9.92,0.04,559.84,6.08,310.0,1.88,0.2,10.16,36.53643639999999,0.6151147295999999,1.28,1646355491.28,0.36,0.4,0.6
100317750,6460764471.96,13.96,2.72,4.56,3.56,0.2,313.48,4.08,82.12,5.4,0.08,3.04,19.277602932,0.682482518,0.48,1646556278.12,0.44,0.52,0.48
112377459,6462685664.16,13.72,4.12,7.8,2.56,0.12,264.88,1.56,55.8,9.24,0.04,3.28,15.474054848000002,0.6256405928000001,0.32,1646679770.56,0.6,0.36,0.64
180286184,6466368625.24,12.92,2.12,7.6,1.96,0.12,256.64,1.76,50.52,9.64,0.04,3.92,29.7324050436,0.628567212,0.16,1646868250.2,0.56,0.44,0.56
293731272,6467359834.64,9.36,1.48,3.2,7.44,0.28,617.68,6.76,385.32,0.04,0.72,3.6,23.329736332000003,0.6002845247999999,2.36,1646898889.0,0.44,0.6,0.4
101695162,6483015686.84,14.28,2.76,5.36,4.0,0.08,303.48,2.56,76.32,6.04,0.16,4.16,45.62812560800001,0.6073662572,0.44,1648098720.16,0.44,0.64,0.36
134711350,6485486806.2,8.44,1.64,3.64,9.92,0.0,518.16,5.6,280.36,1.8,0.12,8.08,30.388953968000006,0.6907826056,0.92,1648184673.32,0.56,0.36,0.64
182331313,6488341321.28,13.2,2.88,5.68,2.08,0.12,293.36,3.8,65.28,3.4,0.16,3.76,34.803204144,0.6981937103999999,0.24,1647979723.16,0.48,0.52,0.48
169025618,6493400759.96,10.6,0.76,4.04,8.36,0.16,417.12,4.04,195.32,0.56,0.12,2.72,24.290743188,0.6430286024,0.6,1648232787.08,0.56,0.56,0.44
81306398,6494819773.08,16.24,3.44,5.92,3.64,0.0,285.68,2.0,46.44,10.36,0.08,3.32,20.622950715999995,0.655893002,0.24,1648402744.28,0.64,0.56,0.44
150970092,6498332695.08,8.8,3.16,4.4,13.16,0.04,570.44,7.64,371.0,1.2,0.12,10.04,29.086977872,0.6530390463999999,1.12,1648764074.12,0.44,0.44,0.56
6922000,6498663907.76,14.32,2.5416666666666665,7.6,6.16,0.125,289.28,2.04,49.08,10.625,0.08333333333333333,3.0416666666666665,25.776477945833335,0.6076129058333334,0.5,1648739237.52,0.24,0.44,0.56
131777279,6503242811.68,10.8,2.6,8.52,1.24,0.0,237.72,1.72,28.44,8.28,0.0,3.04,10.082258748000001,0.6052884112,0.08,1649195452.96,0.52,0.24,0.76
89117038,6504505992.04,13.44,1.0,4.68,2.72,0.04,296.04,3.0,69.8,11.8,0.04,3.96,37.694080920000005,0.7123193403999999,0.12,1648859070.04,0.44,0.4,0.6
94049589,6511487268.36,13.0,2.32,7.92,3.44,0.04,281.6,1.92,65.32,12.36,0.0,5.08,48.825588016000005,0.5482199636,0.24,1649296804.96,0.44,0.36,0.64
11550182,6513313071.52,10.92,1.0,9.48,2.52,0.08,235.08,1.52,26.96,11.92,0.0,5.52,34.58738916,0.5930914392000001,0.08,1649340609.56,0.52,0.28,0.72
296226696,6513313071.52,9.2,0.44,5.72,7.88,0.16,412.4,4.28,192.88,0.12,0.04,2.96,37.259090016,0.631358846,0.64,1649340609.56,0.52,0.28,0.72
113055105,6513823598.92,17.28,1.84,9.88,3.24,0.16,310.04,4.44,56.68,2.72,0.0,3.12,61.3894743,0.6477128476,0.08,1649685636.48,0.56,0.48,0.52
100246000,6518342509.76,12.24,0.56,6.48,8.96,0.04,445.76,4.4,209.24,0.68,0.04,3.92,27.868173339999995,0.6580408076000002,1.04,1649650637.24,0.6,0.24,0.76
86723143,6518887021.08,10.08,1.44,4.0,8.24,0.04,468.44,5.08,206.88,0.0,0.44,2.56,24.018226156,0.6151548767999999,0.96,1649782339.44,0.52,0.56,0.44
103850210,6519990916.84,9.08,0.76,5.28,9.08,0.08,427.76,2.64,199.92,0.08,0.16,1.72,27.122451692,0.6286805340000001,1.48,1649781703.2,0.44,0.32,0.68
119315361,6520946936.08,9.4,1.88,3.68,10.48,0.16,550.76,5.6,288.68,0.76,0.36,3.32,33.23304392,0.5999600452,2.24,1649768476.68,0.44,0.48,0.52
126174633,6520946936.08,12.76,0.92,5.2,7.4,0.16,443.84,4.88,204.84,0.04,0.04,2.76,46.5021983448,0.686399916,0.48,1649768476.68,0.44,0.48,0.52
175463659,6521295273.68,7.64,3.12,4.0,13.44,0.04,677.88,6.28,409.76,0.08,0.48,3.76,23.370510699999997,0.5632823996,2.76,1649783879.36,0.52,0.4,0.6
234699894,6527190619.8,12.2,1.0,5.76,6.6,0.12,443.32,4.24,195.4,0.04,0.0,2.08,41.323495347999994,0.6109924660000001,0.76,1650114473.36,0.48,0.52,0.48
417512732,6536826833.56,13.28,2.6,9.8,4.08,0.08,266.2,3.32,32.84,10.6,0.0,4.0,27.873933299999997,0.6276594460000001,0.0,1650927502.12,0.68,0.28,0.72
116080282,6536826833.56,8.44,1.96,5.52,11.28,0.12,609.16,7.32,333.72,0.0,0.28,2.28,19.9246357336,0.5510572944000001,1.88,1650927502.12,0.68,0.28,0.72
87063175,6539759946.4,10.92,1.56,3.76,11.32,0.08,474.56,4.64,241.4,0.0,0.04,3.04,34.024357952,0.6195247408000001,1.2,1651081617.2,0.6,0.56,0.44
269930820,6540221443.32,10.08,1.72,3.72,9.4,0.16,512.96,7.2,250.64,1.88,0.2,8.68,42.80091836,0.6930056944,0.28,1650855591.36,0.6,0.44,0.56
126702445,6547096101.88,12.68,3.2,6.72,2.48,0.12,278.4,3.72,45.88,7.08,0.0,2.92,26.7930436308,0.6724163324,0.04,1651238230.52,0.6,0.44,0.56
386370442,6547277642.24,11.4,2.2,7.84,2.76,0.08,273.8,3.04,49.4,6.08,0.0,3.04,26.781401012,0.5835618584,0.0,1651254611.4,0.48,0.36,0.64
86300851,6552140369.96,13.04,0.92,5.6,8.96,0.04,411.8,4.2,181.24,0.04,0.24,2.24,37.451461591999994,0.6502195500000002,0.6,1651794501.64,0.6,0.52,0.48
257698084,6553008337.56,10.84,0.8,5.44,8.52,0.04,408.8,3.36,181.08,0.12,0.08,2.08,25.865074099999998,0.5524431336000001,1.16,1651586175.36,0.52,0.48,0.52
86799300,6556428993.48,13.96,2.96,6.08,4.68,0.16,337.84,2.88,89.48,13.08,0.12,4.32,38.502443864,0.6422159016000001,0.16,1651888991.68,0.6,0.72,0.28
303673743,6556476123.2,8.8,1.52,2.44,8.68,0.12,634.76,7.16,341.48,0.04,0.72,2.92,15.851919652000001,0.5777279568,3.64,1651856705.32,0.56,0.6,0.4
94155156,6560966847.08,15.4,2.0,5.16,3.08,0.12,308.52,2.68,64.68,8.48,0.08,3.36,14.700399212,0.6305760608000001,0.44,1652210178.0,0.4,0.76,0.24
89354043,6563486296.4,11.8,1.36,10.04,2.72,0.12,283.92,3.12,63.24,4.36,0.0,2.88,37.799568773999994,0.643982352,0.48,1652162563.12,0.6,0.24,0.76
165671428,6566301017.08,9.8,1.1666666666666667,4.04,6.64,0.08333333333333333,559.48,7.08,296.16,0.20833333333333334,0.375,3.1666666666666665,25.669312625000003,0.5760956079166667,2.4166666666666665,1652357188.72,0.52,0.44,0.56
439345730,6567535999.92,8.84,2.4,2.68,7.68,0.12,554.24,8.12,245.0,1.8,0.16,10.08,29.837958492000002,0.7438318540000002,0.96,1652445322.68,0.48,0.56,0.44
86726887,6567639333.04,14.92,1.48,4.4,5.24,0.08,331.2,3.72,99.0,4.36,0.16,5.2,21.045421795999996,0.6807205392000002,0.28,1652497201.2,0.52,0.76,0.24
131706718,6572520948.56,7.16,2.36,3.84,12.72,0.04,663.8,7.32,393.44,0.08,0.52,3.64,16.090840804000003,0.6514532532,2.72,1652736367.6,0.48,0.4,0.6
179313961,6572932552.12,11.52,1.24,4.12,8.04,0.0,494.68,6.36,252.76,1.0,0.16,9.04,32.00766916,0.7246587632000001,0.68,1652738348.76,0.68,0.56,0.44
171262902,6576027340.44,8.56,1.8,2.52,16.92,0.08,623.6,6.72,321.0,0.12,0.64,2.52,10.98252121704,0.6071492864,2.08,1652908865.08,0.52,0.6,0.4
119343873,6578567071.2,17.28,2.32,10.0,2.6,0.08,325.52,4.04,94.88,4.36,0.0,4.28,65.57919332,0.6536274992,0.08,1653105494.76,0.64,0.4,0.6
314584168,6579676325.76,11.84,2.64,6.2,3.24,0.08,275.68,2.08,53.68,7.48,0.04,3.64,15.983526099999999,0.5941911688,0.4,1653097498.28,0.56,0.36,0.64
86700461,6579676325.76,8.56,1.6,5.0,6.44,0.12,532.6,7.28,272.12,1.48,0.08,8.4,39.19281708399999,0.673963622,0.76,1653097498.28,0.56,0.36,0.64
92601861,6579676325.76,9.64,2.6,6.64,2.92,0.12,292.96,3.28,64.12,7.2,0.16,4.88,25.208673999999995,0.5761613692,0.24,1653097498.28,0.56,0.36,0.64
412753955,6579676325.76,6.92,1.92,2.68,6.12,0.24,616.2,6.96,331.96,0.08,0.44,2.76,12.516034983999997,0.5909059232,2.24,1653097498.28,0.56,0.36,0.64
159020918,6580741064.36,11.6,2.44,6.76,4.0,0.08,300.04,2.88,75.88,5.08,0.28,4.04,29.870727628000004,0.540167086,0.72,1653165934.0,0.36,0.52,0.48
156331087,6583325481.84,14.96,2.04,6.08,4.88,0.04,331.76,2.76,79.16,3.84,0.04,5.44,40.92143484,0.6547180488,0.32,1653298328.04,0.16,0.76,0.24
114585639,6584297229.16,10.52,0.56,3.96,10.12,0.08,473.84,5.44,213.72,0.12,0.2,2.4,21.0505594908,0.6110098919999999,0.8,1653346526.32,0.48,0.44,0.56
185996267,6584382792.08,13.88,1.76,6.28,3.36,0.12,291.08,3.24,50.4,5.84,0.04,4.68,35.00518388,0.6645554372,0.12,1653369681.52,0.44,0.64,0.36
138885864,6584974688.24,7.72,1.92,6.56,8.64,0.08,364.68,2.6,156.2,1.2,0.08,3.8,27.45996588,0.6320345888,0.52,1653397157.64,0.4,0.16,0.84
202217968,6589269940.52,10.84,1.16,2.32,9.16,0.12,590.92,8.4,295.32,0.4,0.24,14.08,30.457872292000005,0.7186747808000001,1.2,1653637513.0,0.4,0.72,0.28
136178375,6590063381.36,10.84,1.44,8.24,4.56,0.04,267.92,1.84,57.16,10.56,0.08,2.96,21.086275348000004,0.7084100248,0.04,1653677768.76,0.28,0.2,0.8
99155835,6591618976.72,7.56,2.28,3.88,12.48,0.12,611.32,5.84,359.8,0.16,0.48,3.4,24.47179552,0.5726134108000001,1.68,1653758831.4,0.48,0.32,0.68
194521913,6591974877.6,12.28,0.52,4.0,9.52,0.16,495.72,5.96,211.04,0.04,0.24,2.56,30.863439384000003,0.7031035215999998,1.44,1653792316.2,0.16,0.64,0.36
207916561,6591974877.6,13.92,3.16,7.2,2.44,0.0,290.52,1.68,48.72,12.24,0.0,4.92,14.405442046000003,0.5651728928,0.36,1653792316.2,0.16,0.64,0.36
175104556,6593024362.24,12.76,0.8,3.12,5.56,0.08,529.12,6.76,266.12,1.68,0.04,10.16,36.025045648,0.7192702620000001,0.68,1653840825.96,0.6,0.64,0.36
129683931,6594261135.12,7.76,0.875,3.52,16.84,0.125,629.2,7.36,372.96,0.0,0.5,2.625,10.126582149999999,0.5761875025,1.9166666666666667,1653929392.08,0.52,0.36,0.64
103296177,6594415398.36,12.08,1.8,5.84,2.84,0.16,257.28,1.88,40.08,5.56,0.08,3.48,20.093980896,0.5993357511999999,0.12,1653927307.52,0.76,0.4,0.6
197849259,6594415398.36,12.84,2.08,6.52,4.04,0.0,298.96,2.8,68.32,9.72,0.16,4.88,44.03406748,0.6882063768000001,0.28,1653927307.52,0.76,0.4,0.6
199222238,6594415398.36,9.4,1.2,3.16,11.12,0.12,527.36,6.84,263.72,1.16,0.36,8.88,17.392326108,0.7133102276000001,1.2,1653927307.52,0.76,0.4,0.6
88470,6594415398.36,10.0,0.56,4.8,8.32,0.16,466.2,4.32,207.32,0.04,0.08,2.36,22.213619469599998,0.6085774588,0.6,1653927307.52,0.76,0.4,0.6
314468507,6594640456.88,9.8,0.6,4.6,8.64,0.08,531.28,6.88,313.04,1.52,0.2,10.08,28.793575903999994,0.6515041892000001,1.0,1653940832.6,0.68,0.28,0.72
172099728,6594741847.24,7.04,3.16,2.44,10.8,0.08,703.0,7.24,435.0,0.12,0.56,3.96,12.530058896,0.5684056056000001,3.28,1653942369.12,0.56,0.6,0.4
85312703,6594902349.84,12.36,1.56,3.88,10.8,0.12,491.2,5.96,245.4,0.0,0.44,3.68,44.178371264,0.642481978,0.88,1653952628.28,0.56,0.72,0.28
86818655,6595180856.48,12.88,3.12,7.2,1.92,0.0,298.04,2.2,71.32,8.48,0.16,4.84,22.678471516000005,0.609484178,0.4,1653966724.16,0.64,0.52,0.48
916319073,6595180856.48,13.36,2.44,5.72,2.44,0.16,298.92,3.72,64.8,8.36,0.04,4.24,42.03001184,0.690291484,0.16,1653966724.16,0.64,0.52,0.48
88611330,6595180856.48,9.72,2.36,3.64,8.24,0.12,622.92,6.12,370.88,0.52,0.4,3.84,33.732910231999995,0.6297031576,2.72,1653966724.16,0.64,0.52,0.48
177953305,6595289128.12,14.84,2.04,7.6,5.28,0.04,319.32,2.8,92.56,9.12,0.04,4.96,36.656489896,0.6494101991999998,0.32,1653975612.08,0.72,0.44,0.56
88153289,6595737811.2,8.36,1.32,8.56,2.84,0.08,330.44,3.32,116.56,4.0,0.0,3.16,25.825983204000003,0.5320379412,0.32,1653991477.36,0.64,0.2,0.8
203851397,6595797600.4,8.6,1.32,3.96,15.48,0.08,619.76,6.12,381.12,0.0,0.56,2.72,19.073935492,0.5446845467999999,1.96,1654001208.6,0.64,0.28,0.72
104334048,6596117213.44,16.96,3.44,7.92,5.52,0.12,329.88,2.48,97.12,8.96,0.0,5.12,35.598445807999994,0.632504976,0.56,1654028135.36,0.32,0.68,0.32
168028715,6596358312.68,8.92,1.2,2.24,14.08,0.04,635.96,7.28,328.88,0.16,0.52,2.2,12.395179608,0.6102073887999999,2.0,1654037524.4,0.4,0.76,0.24
135495981,6596391504.12,11.04,1.4583333333333333,6.56,12.56,0.20833333333333334,472.6,6.44,199.6,0.16666666666666666,0.25,3.0,17.443075116666662,0.6926536725,1.0416666666666667,1654050850.24,0.24,0.48,0.52
59463394,6596432220.84,8.16,1.6,4.36,11.0,0.08,543.2,6.12,296.24,1.0,0.36,9.28,30.210010951999998,0.6102333552,0.92,1654032129.36,0.68,0.36,0.64
349310876,6596432220.84,10.84,1.76,6.72,1.76,0.08,313.6,2.84,78.6,7.64,0.0,3.64,33.11967696,0.5868201308,0.12,1654032129.36,0.68,0.36,0.64
123953528,6596776101.04,11.48,1.2,3.52,7.48,0.04,493.72,8.2,268.36,1.32,0.4,11.2,25.411830443999996,0.7354190256000002,0.64,1654060672.44,0.44,0.32,0.68
181716137,6596781393.08,7.12,1.68,3.08,13.2,0.2,630.44,8.12,367.68,0.12,0.68,2.72,14.281007908000001,0.6410567239999999,2.16,1654063724.2,0.6,0.44,0.56
117311875,6597166298.64,13.6,0.68,8.64,7.68,0.0,433.92,4.0,200.24,0.12,0.08,3.72,47.65711448,0.5846093835999998,0.92,1654085725.36,0.4,0.4,0.6
113457795,6597285241.28,10.88,3.1666666666666665,5.12,9.56,0.125,555.4,8.12,280.08,1.7083333333333333,0.16666666666666666,11.541666666666666,37.145190708333324,0.7685196066666666,0.9583333333333334,1654099811.0,0.2,0.4,0.6
119576842,6597285241.28,14.0,1.8333333333333333,7.64,6.76,0.0,285.52,1.72,64.68,4.375,0.125,2.9583333333333335,34.833372237499994,0.6087641895833333,0.3333333333333333,1654099811.0,0.2,0.4,0.6
116585378,6597285241.28,9.0,1.7083333333333333,4.56,19.68,0.0,634.8,6.88,354.24,0.08333333333333333,0.3333333333333333,2.75,34.353391637499996,0.6161750116666668,2.7916666666666665,1654099811.0,0.2,0.4,0.6
242885483,6597301659.48,12.84,1.92,5.36,2.2,0.04,305.16,3.84,79.12,4.52,0.0,4.08,26.105541884800004,0.6295143639999999,0.04,1654091858.84,0.6,0.36,0.64
161072811,6597844025.2,12.48,1.04,6.08,9.52,0.08,483.8,7.44,212.48,1.56,0.24,9.04,39.684485492,0.648691086,0.68,1654115899.72,0.8,0.4,0.6
108452107,6598948591.16,8.36,1.68,1.92,11.44,0.08,622.52,6.36,340.92,0.0,0.64,3.12,12.340209399999999,0.578275416,2.44,1654185751.56,0.48,0.68,0.32
345072645,6600422906.88,8.76,2.52,3.92,9.36,0.12,686.56,6.8,430.36,0.04,0.52,3.28,15.020095503999999,0.5521048467999998,2.64,1654265763.48,0.68,0.4,0.6
100708765,6601657606.6,17.4,1.8,7.76,1.56,0.0,327.08,2.72,88.2,14.4,0.2,4.88,37.089715,0.6076728572,0.44,1654330041.88,0.76,0.4,0.6
158847773,6601849658.28,13.12,2.76,6.92,4.68,0.08,300.24,2.32,70.8,5.2,0.0,5.08,26.736714135999996,0.6943518132000002,0.2,1654356044.8,0.28,0.48,0.52
139031324,6601849658.28,10.32,0.68,4.36,10.24,0.08,461.2,4.8,224.44,0.04,0.08,2.56,17.137130491999997,0.6368035688,0.88,1654356044.8,0.28,0.48,0.52
227657377,6601849658.28,8.6,1.24,3.0,13.44,0.16,674.32,6.56,424.4,0.08,0.76,3.68,18.8892098,0.6667534676000001,2.92,1654356044.8,0.28,0.48,0.52
76904792,6602126724.24,13.68,3.72,5.92,3.68,0.12,303.4,2.48,66.84,10.76,0.04,4.72,25.716936323999995,0.6529016828,0.04,1654362893.04,0.36,0.44,0.56
93817671,6603238942.32,16.36,2.08,5.68,4.56,0.12,297.28,2.44,40.2,7.48,0.08,3.28,35.141528176,0.6230376500000001,0.24,1654425666.96,0.64,0.76,0.24
86850560,6603379231.96,15.92,1.36,7.68,2.68,0.2,328.04,3.68,83.08,10.04,0.08,5.24,33.645376731999995,0.6290634736000001,0.4,1654432724.2,0.36,0.52,0.48
133167741,6603502575.2,11.32,1.52,2.64,8.0,0.0,601.12,7.68,353.24,1.04,0.28,9.56,31.837998636,0.705826372,0.68,1654445959.04,0.68,0.68,0.32
196389151,6603774884.48,13.16,1.1666666666666667,3.8,7.76,0.08333333333333333,505.24,5.36,316.6,1.25,0.20833333333333334,8.25,29.603545733333334,0.7327307683333336,0.9166666666666666,1654470715.4,0.4,0.44,0.56
122049498,6604431114.64,8.52,2.4,2.92,9.72,0.16,637.28,6.44,370.72,0.0,0.6,2.88,18.415865004,0.6084925258399998,2.56,1654506571.16,0.64,0.48,0.52
12231202,6604431114.64,9.96,2.12,2.96,7.56,0.04,542.0,7.52,294.36,1.68,0.08,11.16,36.031665280000006,0.7219373424,0.84,1654506571.16,0.64,0.48,0.52
151069590,6604431114.64,13.08,2.84,7.84,3.0,0.0,289.32,1.92,59.32,10.44,0.08,4.88,25.07001181999999,0.6013002251999998,0.6,1654506571.16,0.64,0.48,0.52
41231571,6604431114.64,11.88,1.96,5.52,10.32,0.08,445.16,4.32,201.56,0.12,0.16,1.28,31.527176396,0.6582409403999999,1.52,1654506571.16,0.64,0.48,0.52
18180970,6604431114.64,12.8,3.68,6.72,3.24,0.04,305.44,3.8,72.36,5.96,0.0,3.8,16.566851676000002,0.6784520304,0.08,1654506571.16,0.64,0.48,0.52
58513047,6604716863.52,12.24,2.52,4.04,6.08,0.08,599.28,9.2,343.8,1.88,0.12,11.28,24.962613987999998,0.7033888443999998,0.64,1654504776.84,0.4,0.6,0.4
50580004,6604716863.52,15.08,2.08,5.2,17.76,0.16,471.6,4.76,239.32,0.04,0.08,2.84,41.651167220000005,0.6529347952000001,1.32,1654504776.84,0.4,0.6,0.4
73401082,6605477577.68,13.32,1.72,8.32,2.88,0.04,272.44,2.56,46.28,10.24,0.04,3.04,23.429631744,0.5972857496,0.2,1654560280.92,0.52,0.52,0.48
127530803,6605477577.68,10.4,1.32,2.96,9.92,0.04,591.76,6.96,346.4,1.72,0.12,9.8,29.351041564000003,0.6832705407999999,1.4,1654560280.92,0.52,0.52,0.48
191458152,6605705259.84,9.0,1.375,3.52,8.92,0.08333333333333333,544.04,6.24,314.0,1.5,0.25,8.541666666666666,18.64282064166667,0.6585954483333334,1.0833333333333333,1654566397.52,0.44,0.36,0.64
198161112,6605705259.84,12.48,1.625,6.0,1.96,0.08333333333333333,286.76,1.92,67.48,8.333333333333334,0.0,2.4166666666666665,20.021198708333326,0.61556980125,0.08333333333333333,1654566397.52,0.44,0.36,0.64
164530809,6605705259.84,12.6,1.8333333333333333,6.28,2.48,0.041666666666666664,285.24,3.4,66.8,6.166666666666667,0.08333333333333333,4.333333333333333,42.863067604166666,0.6696908037499999,0.25,1654566397.52,0.44,0.36,0.64
156029808,6606009636.52,14.8,2.8,6.72,4.2,0.08,353.36,4.52,108.96,5.56,0.08,4.96,39.294072799999995,0.6629419236000001,0.16,1654591661.08,0.64,0.48,0.52
113874152,6606009636.52,13.84,1.04,5.12,15.96,0.16,468.32,5.16,243.52,0.2,0.24,3.84,27.129719976,0.6389070776000001,1.32,1654591661.08,0.64,0.48,0.52
100616105,6606517584.12,15.16,1.6,7.28,2.64,0.0,314.04,2.88,66.08,13.4,0.2,3.76,25.250285056000003,0.6372978432,0.76,1654622021.32,0.6,0.48,0.52
136600451,6606657742.32,14.8,0.7083333333333334,5.08,13.0,0.16666666666666666,432.72,4.68,212.28,0.08333333333333333,0.125,2.3333333333333335,37.26090245833333,0.7239854654166668,0.5416666666666666,1654618635.0,0.48,0.48,0.52
113152484,6606759978.16,11.08,1.24,6.04,9.48,0.12,439.8,5.48,221.2,0.04,0.12,3.6,25.602635259200007,0.6335054108,0.52,1654644764.4,0.16,0.48,0.52
192120253,6607032949.56,15.24,0.72,9.68,1.84,0.0,268.28,2.96,35.12,9.88,0.0,1.8,21.244508096000004,0.6391820415999999,0.16,1654643920.8,0.36,0.32,0.68
88553213,6607131790.0,10.2,1.08,7.08,2.68,0.0,263.96,1.2,56.88,9.0,0.04,4.96,38.74804769600001,0.6501034644000001,0.24,1654646772.88,0.36,0.16,0.84
94004717,6607189306.04,8.24,1.68,3.24,14.28,0.12,683.84,8.28,391.56,0.08,0.48,3.24,19.279823351999998,0.6245978096000002,3.44,1654652657.48,0.64,0.52,0.48
85937380,6607189306.04,12.4,1.0,4.36,8.76,0.04,492.8,6.76,234.76,1.12,0.16,8.84,32.966831116,0.705457542,0.76,1654652657.48,0.64,0.52,0.48
84853828,6607189306.04,13.92,2.24,7.36,2.08,0.12,317.08,3.08,79.12,6.64,0.0,4.08,32.27839848000001,0.6451850872,0.08,1654652657.48,0.64,0.52,0.48
117956848,6607400646.8,11.16,0.76,5.2,10.28,0.04,457.04,5.8,201.04,0.0,0.32,2.04,25.030127684,0.6262928312,1.24,1654664498.2,0.6,0.48,0.52
165178538,6608011883.96,9.0,0.9166666666666666,4.2,9.2,0.20833333333333334,480.64,5.72,230.68,0.125,0.25,2.4166666666666665,24.829138320833337,0.6550763433333334,0.9166666666666666,1654707299.32,0.8,0.56,0.44
162926943,6608011883.96,13.12,1.625,5.44,2.16,0.041666666666666664,266.84,2.16,49.28,5.291666666666667,0.0,2.75,44.99763975,0.6753598191666667,0.20833333333333334,1654707299.32,0.8,0.56,0.44
108221389,6608011883.96,13.04,1.9166666666666667,6.36,3.76,0.041666666666666664,272.96,1.48,53.0,10.166666666666666,0.125,4.166666666666667,38.94999027500001,0.6249082645833335,0.125,1654707299.32,0.8,0.56,0.44
250547284,6608011883.96,8.12,1.0833333333333333,2.6,13.64,0.20833333333333334,591.72,6.56,316.84,0.125,0.4583333333333333,2.7916666666666665,12.500751011250001,0.5834250220833332,2.25,1654707299.32,0.8,0.56,0.44
255219872,6608011883.96,9.64,1.125,2.48,11.08,0.08333333333333333,531.12,6.68,298.16,1.0,0.2916666666666667,10.333333333333334,18.966505702500005,0.70948575875,0.7916666666666666,1654707299.32,0.8,0.56,0.44
107023378,6608323906.56,14.24,2.6,4.4,3.4,0.08,289.6,1.32,63.8,11.2,0.08,4.84,15.251218160000002,0.5968895508000001,0.36,1654711632.96,0.48,0.76,0.24
117015167,6609056249.56,13.36,2.32,6.4,1.8,0.04,323.24,3.68,97.08,3.44,0.04,5.44,33.78779092,0.7452655371999998,0.04,1654758810.76,0.6,0.4,0.6
56939869,6609056249.56,8.44,2.2,4.44,18.24,0.2,599.8,7.16,351.72,0.04,0.52,4.68,10.482850604,0.6744580264000001,2.04,1654758810.76,0.6,0.4,0.6
245373129,6609056249.56,9.08,1.08,4.68,9.32,0.0,521.76,5.24,304.88,1.56,0.12,6.36,32.40676748800001,0.6273619944,2.12,1654758810.76,0.6,0.4,0.6
253962772,6609067778.0,12.16,0.8333333333333334,3.92,8.76,0.20833333333333334,483.84,6.72,263.68,0.041666666666666664,0.3333333333333333,3.2916666666666665,32.877609112500004,0.7076128483333336,0.7916666666666666,1654761567.32,0.48,0.48,0.52
376376587,6609067778.0,9.12,2.625,3.4,12.48,0.16666666666666666,691.28,7.56,491.56,0.0,0.25,4.291666666666667,17.880785927499996,0.6335940029166666,3.125,1654761567.32,0.48,0.48,0.52
257945712,6609067778.0,14.0,1.9583333333333333,6.16,3.72,0.0,332.92,2.36,106.28,8.833333333333334,0.125,5.166666666666667,32.63395686375,0.6080336458333333,0.25,1654761567.32,0.48,0.48,0.52
221666230,6609233788.92,10.08,2.2,3.16,10.16,0.12,583.8,7.8,330.4,1.44,0.4,9.72,28.479984292000005,0.7420133364,1.36,1654770242.16,0.52,0.64,0.36
92423451,6609833009.36,8.48,0.64,4.48,12.16,0.04,447.44,2.8,247.72,0.12,0.16,2.04,29.798474392,0.5802337115999999,0.72,1654829325.64,0.6,0.2,0.8
138543123,6610060332.44,11.84,2.56,6.24,4.0,0.08,307.04,3.52,78.96,5.28,0.16,3.2,38.040277696,0.6708685679999998,0.24,1654819308.28,0.4,0.52,0.48
137193239,6610060332.44,9.92,1.12,2.96,8.32,0.08,541.52,6.84,282.36,0.92,0.2,11.36,29.163002123999995,0.7218195052,0.96,1654819308.28,0.4,0.52,0.48
143693439,6610060332.44,12.44,2.48,5.2,3.16,0.04,274.56,1.72,49.96,10.48,0.04,3.28,20.712279556000002,0.6353362163999999,0.24,1654819308.28,0.4,0.52,0.48
185908355,6610060332.44,6.92,1.72,2.8,14.08,0.08,605.6,5.76,336.72,0.16,0.72,2.92,9.151051192,0.5591384747999999,2.08,1654819308.28,0.4,0.52,0.48
141010367,6610372911.88,15.56,2.25,5.8,3.64,0.125,296.0,3.16,81.0,7.25,0.0,3.4583333333333335,56.16762970833332,0.6974165320833334,0.16666666666666666,1654835827.04,0.32,0.44,0.56
209287073,6610574788.92,14.2,3.16,6.52,3.0,0.08,357.24,4.16,93.52,3.28,0.04,4.52,41.86674134399999,0.6194119419999999,0.36,1654844498.6,0.6,0.6,0.4
274078636,6610574788.92,14.84,1.96,5.72,2.16,0.0,287.8,3.0,36.24,11.84,0.0,4.92,30.452862760000002,0.6121229744000002,0.12,1654844498.6,0.6,0.6,0.4
392169957,6610574788.92,9.76,0.76,3.48,11.12,0.12,589.16,8.88,285.04,1.44,0.4,7.2,26.224279587999998,0.6501644736,2.08,1654844498.6,0.6,0.6,0.4
458287006,6610574788.92,9.8,1.84,3.16,10.96,0.04,592.44,8.0,304.4,0.36,0.52,3.68,9.666363297999998,0.597607136,2.0,1654844498.6,0.6,0.6,0.4
339235645,6610681521.8,8.96,1.08,2.92,12.96,0.2,731.64,9.36,409.48,0.0,0.68,3.36,20.004822028,0.5849918772,3.2,1654846509.64,0.56,0.68,0.32
408729743,6610681521.8,15.08,0.88,3.48,8.0,0.08,462.12,6.6,204.16,0.08,0.04,1.96,42.80605036,0.6870191308,0.56,1654846509.64,0.56,0.68,0.32
352545711,6610681521.8,13.56,0.76,4.0,8.4,0.0,581.0,7.8,316.4,1.36,0.24,12.28,53.61109159999999,0.6917704452000001,1.24,1654846509.64,0.56,0.68,0.32
117089283,6610681521.8,15.44,4.92,5.0,2.48,0.16,274.6,2.48,33.4,8.08,0.08,3.8,14.993475520000002,0.5711686472,0.16,1654846509.64,0.56,0.68,0.32
155332459,6610681521.8,16.28,3.0,4.96,2.72,0.16,298.04,4.2,57.2,7.4,0.0,2.84,37.3367049,0.6759435160000001,0.0,1654846509.64,0.56,0.68,0.32
237201026,6610789081.4,11.2,1.6,4.16,12.68,0.08,505.12,7.96,258.12,1.16,0.08,8.6,38.9241124,0.7095469840000002,0.84,1654857601.72,0.52,0.52,0.48
196482746,6611078028.36,9.0,2.72,3.92,6.76,0.12,488.04,6.0,260.12,1.64,0.12,7.8,21.057730584,0.7312697076000001,0.28,1654881732.0,0.48,0.28,0.72
91460772,6611078028.36,11.4,2.8,6.52,5.88,0.04,282.76,2.2,62.96,10.04,0.12,4.32,21.351348012000003,0.6271309568,0.28,1654881732.0,0.48,0.28,0.72
90423751,6611078028.36,9.2,1.56,5.8,4.16,0.08,265.04,2.88,62.52,5.68,0.12,3.76,20.521470720000003,0.588402256,0.32,1654881732.0,0.48,0.28,0.72
363871826,6611078028.36,8.08,0.96,4.56,14.12,0.12,465.12,3.28,238.8,0.0,0.2,2.04,21.47942768,0.56499895,1.08,1654881732.0,0.48,0.28,0.72
81475303,6612087028.48,9.96,1.56,3.32,7.88,0.04,582.8,6.64,321.92,0.0,0.4,3.28,19.863135187999998,0.5774025056,1.48,1654926546.16,0.6,0.48,0.52
412758827,6612087028.48,10.96,1.48,4.32,9.68,0.16,488.72,7.12,226.24,1.8,0.08,7.92,26.461586612000005,0.6595197444,0.84,1654926546.16,0.6,0.48,0.52
110583422,6612087028.48,14.4,0.88,8.24,2.48,0.16,335.52,3.32,94.44,8.92,0.16,3.92,20.170473347999998,0.6294127755999999,0.56,1654926546.16,0.6,0.48,0.52
98961223,6612260691.12,11.76,1.8,8.28,5.32,0.2,251.56,1.76,36.4,10.64,0.0,3.88,31.845922360000003,0.5520149556,0.08,1654947624.76,0.56,0.36,0.64
361688848,6612260691.12,8.32,1.48,3.24,7.64,0.12,614.96,6.52,342.04,0.12,0.64,1.92,22.47115434,0.5982384111999999,2.16,1654947624.76,0.56,0.36,0.64
169405715,6612260691.12,11.8,2.12,6.68,2.48,0.0,273.24,2.8,54.12,4.32,0.04,2.76,27.660198580399996,0.6061785248000001,0.08,1654947624.76,0.56,0.36,0.64
107803494,6612334031.88,9.48,1.64,2.88,7.64,0.08,504.24,6.52,244.68,0.76,0.12,9.4,20.6490787,0.7484508724000001,1.16,1654951300.96,0.2,0.6,0.4
207829314,6612334031.88,11.8,2.68,4.32,4.04,0.0,305.68,2.48,81.36,4.4,0.04,4.44,32.256149012,0.6467920415999999,0.4,1654951300.96,0.2,0.6,0.4
183378746,6612334031.88,12.84,1.48,5.64,2.64,0.24,275.2,1.92,41.04,10.64,0.04,4.4,34.042189556,0.7057847656,0.12,1654951300.96,0.2,0.6,0.4
129958758,6612334031.88,10.56,0.96,2.24,8.84,0.04,466.08,4.32,217.24,0.12,0.2,1.48,35.275404888000004,0.6597409328,1.16,1654951300.96,0.2,0.6,0.4
148215639,6612334031.88,8.04,0.96,1.8,15.52,0.12,623.08,6.44,338.36,0.08,0.52,3.56,15.829258052,0.6337960556,2.0,1654951300.96,0.2,0.6,0.4
175709801,6612466530.36,7.76,1.44,5.32,9.64,0.12,590.08,7.16,393.44,0.08,0.48,3.68,22.180525177600003,0.4868474192,1.8,1654936983.36,0.24,0.16,0.84
89558517,6612466530.36,13.52,0.68,6.6,8.84,0.16,460.32,6.0,254.32,0.0,0.16,3.04,40.99112244,0.6768834748,1.04,1654936983.36,0.24,0.16,0.84
139937922,6613523723.84,10.6,1.0,5.0,9.76,0.04,475.64,4.36,224.32,0.08,0.16,3.2,28.250706896,0.66733368,0.72,1655017093.96,0.6,0.48,0.52
137129583,6613523723.84,9.28,1.0,2.8,10.68,0.12,542.72,6.24,280.96,1.68,0.24,9.48,12.438455892000002,0.7283658072,1.36,1655017093.96,0.6,0.48,0.52
277141004,6613523723.84,7.6,1.76,2.6,15.8,0.12,614.68,6.0,331.28,0.16,0.52,2.68,9.212836639999999,0.6142093960000001,1.96,1655017093.96,0.6,0.48,0.52
114645455,6613523723.84,12.32,1.0,6.24,3.44,0.08,284.48,2.68,68.56,5.72,0.0,3.28,36.45365168,0.6978663424,0.08,1655017093.96,0.6,0.48,0.52
152545459,6613561449.68,6.64,1.0,3.64,17.08,0.12,572.28,6.56,319.12,0.24,0.16,2.68,15.268870139999999,0.6111148596,1.8,1655020762.88,0.56,0.32,0.68
136829091,6613561449.68,11.76,2.04,5.44,2.76,0.12,258.28,1.92,38.0,11.68,0.04,2.16,31.762609159999997,0.6631706032,0.08,1655020762.88,0.56,0.32,0.68
94281932,6613561449.68,8.04,1.72,3.56,17.6,0.04,562.6,5.92,308.44,1.52,0.12,10.08,24.441953936,0.6778690323999998,1.36,1655020762.88,0.56,0.32,0.68
121404228,6613561449.68,11.32,1.32,6.04,3.88,0.08,274.28,2.68,63.52,3.52,0.0,2.92,34.157411515999996,0.6771099624000001,0.04,1655020762.88,0.56,0.32,0.68
184950344,6613561449.68,10.56,1.4,5.44,18.88,0.12,435.4,3.4,211.96,0.16,0.16,2.52,15.738031984,0.6603520708,0.92,1655020762.88,0.56,0.32,0.68
898455820,6613565104.08,12.28,1.28,3.24,6.56,0.16,566.92,8.0,297.0,1.88,0.28,9.88,16.1513664272,0.7323582768,0.84,1655010649.4,0.52,0.8,0.2
132309493,6614218123.76,7.96,1.04,2.68,10.92,0.16,652.8,6.48,397.92,0.04,0.92,2.52,16.45862948,0.6357724836,3.24,1655063554.68,0.64,0.52,0.48
164532005,6614218123.76,9.6,1.2,3.48,9.44,0.16,584.76,7.04,346.84,1.36,0.36,7.6,24.549295524000005,0.7347209931999998,0.84,1655063554.68,0.64,0.52,0.48
100471531,6614218123.76,10.92,1.64,4.92,7.6,0.08,454.6,3.6,228.72,0.28,0.12,2.44,33.060988064000014,0.6337779411999999,1.24,1655063554.68,0.64,0.52,0.48
148526973,6614218123.76,12.12,2.36,5.32,2.24,0.12,284.2,1.92,52.2,11.08,0.04,4.68,17.742268095999997,0.6297804948,0.2,1655063554.68,0.64,0.52,0.48
102099826,6614218123.76,12.48,3.08,5.0,2.68,0.08,309.84,2.92,76.2,6.08,0.24,4.32,45.486956056,0.6718507724,0.12,1655063554.68,0.64,0.52,0.48
116525052,6614778518.56,13.52,1.44,8.84,1.92,0.16,257.84,2.56,34.48,6.96,0.0,3.52,11.46044316,0.6494485239999999,0.04,1655089041.52,0.68,0.4,0.6
878212255,6614920747.4,12.76,0.84,5.32,12.72,0.04,456.16,5.92,195.32,0.04,0.32,1.48,27.175332667999992,0.69364465,1.24,1655075782.56,0.28,0.44,0.56
84772440,6615308891.24,10.72,1.28,5.68,10.56,0.12,495.32,4.96,277.36,0.08,0.24,3.6,32.26786736,0.6050053776,1.16,1655117158.52,0.48,0.52,0.48
1138108910,6615614903.64,15.36,2.64,8.16,3.44,0.08,317.2,4.76,67.72,7.6,0.08,4.44,27.952052919999996,0.6622561471999999,0.24,1655129896.0,0.68,0.44,0.56
86698277,6616685210.36,11.72,2.8,3.52,8.0,0.16,572.56,5.76,276.2,0.08,0.2,1.88,28.765496910000003,0.6767036687999999,2.6,1655189726.44,0.24,0.68,0.32
196490133,6616781082.12,7.08,2.75,3.24,10.4,0.08333333333333333,626.52,6.08,366.8,0.08333333333333333,0.5416666666666666,2.8333333333333335,11.215950061666668,0.5370722304166666,1.7083333333333333,1655211690.88,0.52,0.48,0.52
25907144,6616920617.12,14.36,1.08,5.48,2.68,0.04,288.84,2.8,47.04,6.24,0.08,4.64,34.80919612,0.6846087667999999,0.28,1655205735.2,0.4,0.64,0.36
154715080,6616920617.12,11.0,1.84,2.16,8.76,0.08,525.48,6.2,267.56,1.72,0.12,10.96,26.080181356000004,0.7002514116,0.68,1655205735.2,0.4,0.64,0.36
124801257,6616920617.12,10.44,1.32,3.0,9.76,0.16,539.04,6.28,257.08,0.04,0.24,2.92,26.09422706,0.6744858939999999,2.04,1655205735.2,0.4,0.64,0.36
86745912,6616920617.12,8.6,2.96,3.32,14.56,0.12,628.76,6.4,328.92,0.44,0.64,3.28,20.599656321999998,0.6032252971999997,2.64,1655205735.2,0.4,0.64,0.36
28070572,6617623434.04,12.6,0.48,6.24,7.04,0.12,403.72,4.32,179.76,0.04,0.04,2.56,35.198932924,0.660948758,0.96,1655239227.72,0.4,0.24,0.76
100758751,6617623434.04,12.8,1.84,8.52,2.08,0.2,279.12,2.56,49.4,9.64,0.12,3.44,37.950472548,0.5774706708,0.16,1655239227.72,0.4,0.24,0.76
185202677,6617681265.8,8.36,1.72,4.36,10.48,0.08,639.92,6.8,355.12,0.12,0.56,2.88,16.195871436,0.5526190559999999,2.84,1655234398.56,0.32,0.4,0.6
101779337,6617681265.8,15.2,1.64,7.64,2.36,0.12,301.0,3.2,66.92,9.4,0.0,3.76,47.286538280000016,0.6636503336000001,0.0,1655234398.56,0.32,0.4,0.6
355168766,6617703986.12,8.8,1.76,3.56,13.76,0.12,627.88,6.64,397.44,0.08,0.36,3.28,23.961332675999998,0.5704437428000001,1.76,1655258480.04,0.16,0.36,0.64
104512126,6617703986.12,10.56,1.56,4.84,8.36,0.12,544.48,7.12,318.92,1.6,0.16,8.8,31.356935820000004,0.7105636940000001,1.52,1655258480.04,0.16,0.36,0.64
127077041,6617703986.12,12.84,3.0,7.12,5.56,0.08,333.48,2.96,113.12,5.36,0.0,4.2,31.851850919999997,0.6701380516000001,0.52,1655258480.04,0.16,0.36,0.64
153125655,6618051432.76,13.88,1.12,6.48,3.88,0.2,302.0,2.96,73.08,6.12,0.16,4.36,35.278477624000004,0.6592880832,0.12,1655262498.12,0.56,0.4,0.6
375507918,6618105854.92,11.12,2.12,3.4,9.36,0.08,676.24,7.04,434.24,0.04,0.64,5.2,17.500167624,0.6289860176000001,2.12,1655286014.92,0.6,0.6,0.4
87012746,6618105854.92,12.96,0.68,5.2,15.92,0.12,453.04,4.32,232.8,0.0,0.08,2.0,32.520329976,0.6121564828,0.72,1655286014.92,0.6,0.6,0.4
193815691,6618105854.92,13.96,1.16,4.84,4.2,0.0,347.04,5.2,105.36,3.6,0.08,5.28,38.102410299999995,0.6855888915999999,0.6,1655286014.92,0.6,0.6,0.4
158606677,6618294745.76,13.4,0.76,4.4,12.2,0.04,457.6,4.36,211.56,0.44,0.16,2.68,39.616261484,0.6145649003999999,1.36,1655277780.0,0.4,0.56,0.44
113619848,6618294745.76,13.64,1.92,8.4,2.56,0.16,274.92,2.92,37.84,10.8,0.04,4.8,32.217199439999995,0.5836683779999999,0.08,1655277780.0,0.4,0.56,0.44
112426916,6618294745.76,10.88,0.68,4.12,9.64,0.08,587.36,9.6,309.12,1.52,0.4,9.76,33.48479496000001,0.7086350151999998,1.04,1655277780.0,0.4,0.56,0.44
86953414,6618294745.76,13.12,3.04,6.48,3.4,0.08,327.68,3.28,81.24,5.08,0.0,4.2,30.34767376,0.5761642755999999,0.12,1655277780.0,0.4,0.56,0.44
100594231,6618403300.2,14.0,3.76,6.32,3.24,0.2,311.96,2.2,64.92,12.2,0.0,4.48,23.03185892,0.5736407219999999,0.24,1655299671.64,0.56,0.6,0.4
153727297,6618507940.76,9.6,2.08,3.64,11.68,0.2,690.6,8.16,426.84,0.04,0.44,4.28,20.273720444,0.5923526516000001,3.16,1655302565.68,0.56,0.56,0.44
343084576,6618507940.76,15.36,1.92,5.72,3.76,0.04,337.6,3.24,99.8,3.72,0.0,4.6,33.712398328000006,0.6592079219999998,0.16,1655302565.68,0.56,0.56,0.44
230580807,6618629343.72,10.68,0.92,5.32,6.72,0.08,536.4,10.2,248.36,1.36,0.08,8.96,21.998227623999995,0.6969070735999999,0.68,1655305955.04,0.48,0.48,0.52
117514269,6618660382.44,10.6,0.92,4.36,10.2,0.08,480.44,6.08,231.04,0.08,0.16,2.4,19.847211074799997,0.6531131287999998,1.12,1655320512.56,0.6,0.6,0.4
152455523,6618660382.44,8.12,1.64,2.56,17.32,0.24,640.36,7.68,356.48,0.16,0.6,2.64,11.746060206,0.6112644844,3.12,1655320512.56,0.6,0.6,0.4
106573901,6618660382.44,13.2,1.76,3.12,7.64,0.12,539.56,5.88,296.04,1.72,0.28,11.72,27.897333720000002,0.7611519168,0.88,1655320512.56,0.6,0.6,0.4
134556694,6618660382.44,13.12,0.96,6.92,5.12,0.04,291.32,2.6,58.72,12.44,0.12,4.16,24.160748704000003,0.6321140632,0.32,1655320512.56,0.6,0.6,0.4
104275965,6618668245.08,11.68,3.4,8.08,5.96,0.0,265.48,2.2,57.12,8.84,0.08,5.72,25.633216719999997,0.5874383588,0.08,1655296663.72,0.64,0.24,0.76
72312627,6618723417.52,8.2,1.68,2.84,12.04,0.12,639.76,7.8,356.84,0.16,0.68,3.44,23.3985943402,0.6177080732000001,3.16,1655303489.56,0.32,0.6,0.4
295697470,6618793736.52,9.36,1.84,7.56,2.16,0.04,241.48,2.0,48.32,9.68,0.0,4.04,18.965970752,0.5669740276,0.08,1655321229.56,0.64,0.2,0.8
1138635322,6619006524.4,14.12,1.24,8.04,7.72,0.0,439.24,5.32,188.84,0.24,0.16,1.4,36.51631924000001,0.6064499260000001,1.24,1655322949.44,0.72,0.48,0.52
1138610285,6619006524.4,10.84,2.52,4.76,12.4,0.2,693.48,8.16,408.6,0.12,0.44,3.72,17.812631401439997,0.5970848864,2.6,1655322949.44,0.72,0.48,0.52
329977411,6619273195.68,9.96,1.0,6.4,8.92,0.08,509.88,6.72,283.0,2.2,0.12,8.24,24.359224744000002,0.7429337908,0.52,1655332406.92,0.56,0.2,0.8
323792491,6619416381.16,15.68,3.16,6.64,2.6,0.16,302.52,2.68,47.64,12.36,0.08,5.76,21.692135920000002,0.5992538704,0.36,1655355901.44,0.56,0.68,0.32
337575662,6619416381.16,14.08,0.88,5.56,12.6,0.08,468.84,4.8,203.56,0.04,0.12,2.52,38.78650180400001,0.6200570683999999,0.92,1655355901.44,0.56,0.68,0.32
389022189,6619416381.16,10.44,1.92,3.96,12.12,0.04,667.56,7.92,362.52,0.12,0.52,4.04,17.306381476000002,0.5996149644,3.04,1655355901.44,0.56,0.68,0.32
48594480,6619721378.64,12.64,1.5,3.92,5.8,0.08333333333333333,548.88,7.16,287.32,1.0416666666666667,0.0,11.208333333333334,39.60568985,0.7197625187500001,0.7083333333333334,1655363343.12,0.56,0.6,0.4
108717482,6619721378.64,15.44,2.375,8.72,2.96,0.041666666666666664,287.24,2.2,46.8,9.75,0.125,4.25,16.6814123625,0.5836289450000002,0.4166666666666667,1655363343.12,0.56,0.6,0.4
228517469,6619721378.64,13.72,6.416666666666667,5.76,2.68,0.0,320.92,3.88,76.72,6.875,0.041666666666666664,3.625,61.03381617916666,0.6032464808333333,0.041666666666666664,1655363343.12,0.56,0.6,0.4
220154695,6619721378.64,8.52,1.5416666666666667,5.04,13.88,0.20833333333333334,610.52,7.96,327.6,0.0,1.0416666666666667,3.5,17.765423614166668,0.5887613308333333,2.9166666666666665,1655363343.12,0.56,0.6,0.4
363724571,6619721378.64,13.0,0.2916666666666667,4.76,7.6,0.08333333333333333,479.72,6.2,213.24,0.0,0.08333333333333333,2.4583333333333335,46.95274749000001,0.6883164166666665,1.125,1655363343.12,0.56,0.6,0.4
118233883,6619846634.52,10.2,0.92,4.28,8.32,0.04,557.28,6.72,348.88,1.2,0.2,11.32,39.221212276,0.7332255588,0.96,1655376292.36,0.56,0.4,0.6
91369376,6619846634.52,12.12,0.92,5.84,15.04,0.04,464.6,3.32,255.76,0.16,0.08,2.2,21.340492578,0.6353276124,1.64,1655376292.36,0.56,0.4,0.6
101460882,6619846634.52,13.32,3.6,6.64,2.44,0.2,260.96,1.92,46.08,13.0,0.0,3.0,31.960876788000004,0.6304316836,0.08,1655376292.36,0.56,0.4,0.6
162959893,6619871952.48,10.04,2.76,5.72,3.68,0.08,281.96,2.8,71.88,5.6,0.04,2.84,25.4998073892,0.6660908247999999,0.2,1655383123.2,0.64,0.24,0.76
195108598,6619938161.44,11.48,1.16,4.6,14.72,0.08,481.08,4.32,260.92,1.12,0.24,3.6,52.948304119999996,0.6375848908000001,1.36,1655377312.16,0.48,0.56,0.44
235505993,6619938161.44,12.68,1.92,5.72,3.48,0.24,293.12,3.12,58.32,6.56,0.0,4.04,33.38965956,0.6525018091999999,0.2,1655377312.16,0.48,0.56,0.44
117421467,6619938161.44,14.88,2.32,6.92,6.08,0.0,301.6,1.6,66.08,9.6,0.04,5.68,23.601486426,0.6844567612000002,0.36,1655377312.16,0.48,0.56,0.44
106305042,6619938161.44,10.52,1.8,3.08,8.04,0.2,558.36,7.88,332.88,1.64,0.52,9.36,13.538518408000002,0.7652776700000002,0.64,1655377312.16,0.48,0.56,0.44
85367644,6619991730.72,9.0,2.32,4.72,16.8,0.04,574.64,4.8,344.68,0.0,0.52,2.6,8.317454335999999,0.6130099592,2.28,1655372042.0,0.68,0.2,0.8
858106446,6620150787.2,6.44,1.04,4.12,5.8,0.28,565.72,6.92,346.08,1.4,0.16,7.2,27.848298320000005,0.6755552944000001,0.92,1655397328.16,0.6,0.24,0.76
164685175,6620182037.28,10.12,1.68,3.16,6.76,0.2,721.2,7.08,400.12,0.0,0.32,2.68,14.026938516,0.5671239119999999,3.36,1655387511.68,0.68,0.68,0.32
91741256,6621796787.48,14.68,2.08,7.04,2.16,0.0,348.92,3.6,101.56,3.0,0.0,2.84,28.482718584,0.6068193507999999,0.08,1655485388.64,0.32,0.56,0.44
59752811,6621796787.48,15.6,1.84,10.24,6.72,0.12,295.64,3.56,51.56,12.88,0.0,5.68,52.235883480000005,0.6307341216,0.24,1655485388.64,0.32,0.56,0.44
249835593,6622160455.24,13.24,2.0416666666666665,7.12,1.72,0.08333333333333333,262.56,1.88,36.8,9.25,0.041666666666666664,4.0,30.922505770833336,0.6484340929166668,0.041666666666666664,1655513603.72,0.68,0.48,0.52
320252024,6622160455.24,8.88,1.4583333333333333,3.36,11.08,0.20833333333333334,665.24,6.52,370.76,0.125,0.6666666666666666,2.2083333333333335,16.789529258333335,0.6345025929166667,2.5833333333333335,1655513603.72,0.68,0.48,0.52
147767183,6622160455.24,11.76,1.4583333333333333,5.64,12.64,0.125,439.64,4.96,198.28,0.3333333333333333,0.125,2.0833333333333335,27.89801293333333,0.6879449958333334,0.9583333333333334,1655513603.72,0.68,0.48,0.52
150961567,6622160455.24,14.64,2.5833333333333335,4.56,2.44,0.08333333333333333,312.68,2.96,87.24,5.625,0.041666666666666664,3.0416666666666665,38.84053720833333,0.7104701454166666,0.20833333333333334,1655513603.72,0.68,0.48,0.52
92706637,6622629886.48,12.96,1.32,4.96,7.36,0.08,513.56,7.72,272.12,2.0,0.12,10.08,31.595181587999996,0.6570866864,0.76,1655521188.56,0.68,0.56,0.44
145065875,6622692313.12,12.4,2.44,4.04,2.92,0.16,315.6,3.8,82.96,7.08,0.04,5.68,31.38282068,0.6918581628,0.08,1655548946.12,0.64,0.52,0.48
86785083,6622692313.12,10.52,1.2,3.92,14.48,0.16,484.12,5.12,241.4,0.08,0.28,3.6,29.539157886799995,0.6177349532,1.2,1655548946.12,0.64,0.52,0.48
155162307,6622692313.12,8.04,1.16,3.52,13.24,0.0,623.0,5.84,384.48,0.08,0.72,3.48,11.148935063200001,0.5747150939999999,2.88,1655548946.12,0.64,0.52,0.48
108958769,6622692313.12,11.4,3.0,6.64,2.96,0.12,295.44,2.12,69.04,9.32,0.04,4.68,17.83821126,0.54453047424,0.4,1655548946.12,0.64,0.52,0.48
40805086,6622692313.12,10.48,2.52,3.92,5.6,0.04,522.12,6.76,275.36,1.36,0.12,9.64,36.294709596,0.7033497063999999,0.2,1655548946.12,0.64,0.52,0.48
392565237,6624993708.0,9.92,1.0,2.72,24.28,0.16,631.96,6.76,381.64,0.12,0.84,3.28,13.358713060000003,0.5731645848,3.88,1655676275.84,0.56,0.6,0.4
324277900,6624993708.0,11.0,0.8,3.64,7.88,0.08,557.56,10.68,283.96,1.36,0.2,11.56,54.25378878399999,0.7586206383999999,0.92,1655676275.84,0.56,0.6,0.4
156328257,6624993708.0,14.6,0.8,3.92,11.76,0.04,484.8,5.08,248.48,0.16,0.16,2.6,39.92796917199999,0.6856109988,1.24,1655676275.84,0.56,0.6,0.4
155494381,6624993708.0,14.92,2.16,6.56,3.28,0.12,314.44,3.28,73.88,5.88,0.04,5.8,51.48410524,0.6406471428,0.24,1655676275.84,0.56,0.6,0.4
180775030,6625503069.48,12.16,1.04,5.04,13.6,0.0,493.2,6.64,222.44,0.88,0.12,7.6,34.703723772,0.6723673803999999,1.0,1655693739.76,0.56,0.6,0.4
191362875,6626362416.44,9.68,1.4,4.48,11.04,0.2,517.16,5.68,256.76,0.68,0.2,3.84,25.155431719999996,0.6468745412,0.88,1655747246.84,0.44,0.4,0.6
157989498,6627328659.44,15.36,1.72,7.44,6.0,0.0,296.0,2.52,52.32,9.92,0.04,4.44,48.339493296,0.6158348336,0.04,1655798755.08,0.64,0.6,0.4
153836240,6627328659.44,10.64,1.36,4.6,10.96,0.08,569.0,8.12,279.08,1.2,0.24,9.72,24.9159204,0.662373376,1.36,1655798755.08,0.64,0.6,0.4
292921272,6627328659.44,11.8,0.8,3.88,11.68,0.12,512.36,8.2,220.12,0.0,0.2,2.76,36.01497853200001,0.7005715652000001,0.96,1655798755.08,0.64,0.6,0.4
119631156,6627328659.44,15.72,4.48,7.6,3.68,0.08,306.24,2.64,59.76,5.12,0.0,3.52,19.846602744000002,0.656491836,0.44,1655798755.08,0.64,0.6,0.4
110448679,6627623410.36,16.36,0.72,5.64,2.92,0.08,322.88,3.52,61.52,15.52,0.08,3.72,24.80814166,0.6356000596,0.28,1655816016.12,0.44,0.64,0.36
86822085,6627623410.36,11.72,0.92,3.24,14.8,0.08,665.92,7.92,419.12,0.12,0.48,4.48,18.677859864,0.6338681044000001,2.24,1655816016.12,0.44,0.64,0.36
50828662,6627623410.36,16.96,1.6,4.32,7.48,0.08,352.36,4.8,106.68,2.68,0.08,6.28,29.92997292,0.7025688731999999,0.12,1655816016.12,0.44,0.64,0.36
84429681,6627623410.36,16.2,0.48,4.4,14.16,0.0,496.12,5.8,260.28,0.52,0.36,5.2,46.95653054000001,0.7245090528,1.52,1655816016.12,0.44,0.64,0.36
126238768,6627623410.36,14.32,0.6,4.0,6.72,0.16,538.36,8.12,289.08,0.48,0.44,10.68,46.54041539999999,0.7211172584,1.96,1655816016.12,0.44,0.64,0.36
123787524,6628730783.76,9.16,0.88,5.48,11.12,0.12,432.92,4.2,210.4,0.04,0.24,2.76,31.145800059999996,0.5722518035999999,1.92,1655860078.92,0.28,0.24,0.76
214735983,6628730783.76,11.56,1.88,8.12,8.2,0.12,280.24,3.04,63.76,4.36,0.0,4.24,45.50275114,0.6663818812,0.04,1655860078.92,0.28,0.24,0.76
96196828,6628730783.76,11.48,1.96,7.72,4.12,0.04,267.52,1.84,53.64,11.0,0.0,4.56,22.042479936000003,0.6279521412000001,0.2,1655860078.92,0.28,0.24,0.76
248180032,6629045654.0,14.84,3.68,5.68,3.16,0.16,340.92,4.04,66.44,3.04,0.08,4.64,44.07469699999999,0.6654644491999998,0.24,1655897388.92,0.6,0.56,0.44
1171243748,6629045654.0,8.48,1.76,3.32,8.68,0.04,751.96,9.12,419.16,0.2,0.64,4.8,17.228616748,0.6251054319999999,2.92,1655897388.92,0.6,0.56,0.44
99796146,6629045654.0,14.84,3.04,9.76,6.72,0.0,314.28,2.16,75.08,13.04,0.04,4.24,29.745282784,0.6032220831999999,0.16,1655897388.92,0.6,0.56,0.44
352623024,6629045654.0,12.04,0.84,5.24,7.64,0.04,433.12,5.16,183.88,0.0,0.28,2.04,32.253068572000004,0.6047454555999999,1.08,1655897388.92,0.6,0.56,0.44
114596500,6629138262.56,9.92,1.72,6.72,4.28,0.0,292.04,3.76,58.8,6.6,0.0,4.6,16.462236603999997,0.7005067375999999,0.16,1655903632.6,0.6,0.28,0.72
320219866,6629138262.56,11.8,1.48,6.84,3.28,0.08,263.8,1.6,42.04,9.0,0.08,3.56,20.397196344000005,0.6419658303999999,0.28,1655903632.6,0.6,0.28,0.72
96183976,6629138262.56,6.76,2.68,3.4,16.8,0.08,637.72,5.88,381.24,0.2,0.36,4.24,9.3513708836,0.60952558,1.4,1655903632.6,0.6,0.28,0.72
1035128290,6629840685.56,12.24,0.64,4.36,10.76,0.12,543.0,8.36,267.48,1.36,0.12,10.2,40.24530522,0.6984268279999999,0.92,1655945270.96,0.52,0.36,0.64
115464954,6630919203.08,10.4,1.76,5.84,1.6,0.16,287.92,3.44,73.88,2.36,0.0,3.16,39.890289839999994,0.6591335648000001,0.16,1656012585.2,0.56,0.36,0.64
96189126,6633247006.2,10.96,1.4,4.88,15.2,0.16,667.64,8.56,362.88,0.0,0.56,3.96,27.078180200000006,0.5893194660000001,2.52,1656108993.72,0.72,0.6,0.4
41637292,6633247006.2,14.64,1.36,5.76,12.68,0.08,484.56,5.88,214.84,0.0,0.16,2.88,49.58518289999999,0.6164030495999999,1.08,1656108993.72,0.72,0.6,0.4
38628747,6642293565.52,13.0,1.68,6.64,3.64,0.12,328.8,2.96,97.92,3.88,0.08,4.44,31.288055491999994,0.66037797,0.28,1656670336.84,0.48,0.44,0.56
238239590,6642293565.52,9.72,1.32,3.88,8.24,0.0,523.48,7.32,246.12,0.72,0.2,8.56,26.1386820528,0.7114017143999999,0.88,1656670336.84,0.48,0.44,0.56
145550466,6642293565.52,12.04,3.08,5.36,2.56,0.08,282.6,2.28,55.36,10.36,0.08,2.36,17.040827911999997,0.5946625464000002,0.2,1656670336.84,0.48,0.44,0.56
126212866,6642293565.52,11.28,0.6,5.28,9.32,0.04,463.44,4.36,202.68,0.12,0.08,2.68,18.103894764000003,0.6613780436000001,0.96,1656670336.84,0.48,0.44,0.56
241519559,6642342707.08,6.92,1.16,3.36,14.76,0.16,728.44,8.24,455.2,0.08,0.96,3.64,10.5922332332,0.6644277643999998,3.24,1656660073.84,0.64,0.48,0.52
72393079,6642342707.08,10.8,0.92,3.88,6.72,0.2,496.28,5.12,247.8,1.68,0.16,7.48,36.86357751199999,0.6978704951999998,0.44,1656660073.84,0.64,0.48,0.52
90324740,6642342707.08,9.76,1.28,4.68,6.16,0.04,472.0,3.84,238.28,0.76,0.08,3.6,36.110983848,0.5823956995999999,1.04,1656660073.84,0.64,0.48,0.52
129035220,6642442790.92,12.0,3.28,6.12,2.4,0.04,288.64,3.72,45.08,7.92,0.0,3.52,36.85975005600001,0.56259491,0.04,1656651308.6,0.36,0.44,0.56
194979527,6642442790.92,7.52,1.72,3.48,15.28,0.12,663.0,9.64,377.4,0.08,0.4,3.64,12.822992826,0.6591977436,2.76,1656651308.6,0.36,0.44,0.56
214853734,6642442790.92,11.84,0.64,5.2,8.96,0.08,412.08,4.48,177.8,0.16,0.12,2.6,31.031856519999998,0.6016514051999999,1.2,1656651308.6,0.36,0.44,0.56
92253768,6642938163.0,14.76,1.16,7.32,1.84,0.12,305.24,3.16,64.68,6.12,0.0,2.36,47.19318523999999,0.6448748208,0.12,1656685088.68,0.52,0.32,0.68
217599053,6643674662.32,10.64,0.8,4.36,8.16,0.0,511.12,7.08,266.72,1.6,0.04,8.76,22.326078818399996,0.6786027968,0.24,1656725755.24,0.76,0.36,0.64
94439767,6644208682.44,10.52,1.56,5.36,7.76,0.08,469.56,5.04,218.48,0.04,0.4,1.92,24.406905265319995,0.6609800844,1.8,1656756861.92,0.36,0.44,0.56
116881520,6644208682.44,8.28,1.48,3.2,13.04,0.04,613.2,6.48,353.36,0.04,0.24,3.88,11.748832863999999,0.6161863200000001,1.6,1656756861.92,0.36,0.44,0.56
118078153,6644415093.68,14.76,3.44,6.0,6.48,0.16,352.68,4.52,94.96,3.48,0.08,4.92,45.38658006,0.6900336464,0.24,1656783027.8,0.32,0.6,0.4
100483784,6644415093.68,12.0,0.72,5.64,7.36,0.2,471.24,5.0,225.8,0.28,0.32,2.84,27.483956644,0.6046196923999999,1.48,1656783027.8,0.32,0.6,0.4
32128719,6644415093.68,12.92,3.12,5.8,2.84,0.08,335.32,2.96,105.56,12.2,0.04,4.76,16.340454268000002,0.5517584652,0.36,1656783027.8,0.32,0.6,0.4
205517338,6645056917.6,14.2,2.4166666666666665,5.44,3.12,0.08333333333333333,325.16,4.12,79.6,4.25,0.08333333333333333,3.3333333333333335,25.702257050000004,0.6306116716666667,0.125,1656812966.16,0.8,0.52,0.48
100058342,6646561899.08,7.2,1.68,3.48,19.2,0.08,572.96,6.32,293.88,0.08,0.4,3.16,16.818309464000002,0.5735967552000001,1.44,1656917032.8,0.24,0.6,0.4
10366616,6646561899.08,12.68,2.56,6.0,4.4,0.12,300.52,2.12,65.96,7.24,0.04,4.52,12.290025728,0.6193321768,0.16,1656917032.8,0.24,0.6,0.4
103735745,6646561899.08,12.24,2.36,6.92,4.88,0.04,317.24,2.8,79.24,7.44,0.0,5.28,28.195853839999998,0.66081605,0.12,1656917032.8,0.24,0.6,0.4
94786276,6646561899.08,9.48,1.76,3.68,7.72,0.08,546.96,6.48,270.84,1.44,0.04,7.6,18.010008397200004,0.7046291588000001,0.6,1656917032.8,0.24,0.6,0.4
79809603,6647142350.32,12.64,2.32,6.84,4.48,0.12,278.2,2.64,55.6,8.76,0.0,3.36,18.675895471999993,0.6212896807999999,0.52,1656934532.64,0.8,0.36,0.64
27178898,6647257819.96,8.88,1.9583333333333333,5.68,9.44,0.125,447.2,5.0,210.32,0.041666666666666664,0.25,3.6666666666666665,25.00503381666667,0.57918777,1.25,1656952081.52,0.56,0.36,0.64
92949094,6647257819.96,10.68,3.0416666666666665,9.32,3.52,0.0,281.92,2.16,64.64,13.208333333333334,0.20833333333333334,4.5,27.84293870833333,0.5494630820833334,0.20833333333333334,1656952081.52,0.56,0.36,0.64
107855479,6647257819.96,9.96,1.8333333333333333,5.08,10.68,0.041666666666666664,488.4,4.84,231.72,1.4583333333333333,0.25,5.0,26.573825499999998,0.6187894708333334,1.0833333333333333,1656952081.52,0.56,0.36,0.64
140288368,6647581343.68,11.76,1.56,3.8,19.68,0.04,446.04,3.84,221.6,0.16,0.08,2.44,30.0806152,0.551127652,1.24,1656963295.96,0.64,0.48,0.52
127565532,6647581343.68,14.36,1.56,8.4,6.64,0.04,274.16,2.8,39.92,10.92,0.08,4.84,48.927272264,0.5914795984,0.16,1656963295.96,0.64,0.48,0.52
196878136,6647581343.68,12.84,2.28,5.24,2.08,0.16,341.48,3.92,101.96,4.44,0.08,3.0,39.848418568,0.5907692936,0.04,1656963295.96,0.64,0.48,0.52
96803083,6647581343.68,11.04,1.24,3.28,11.04,0.0,589.52,7.4,346.44,1.88,0.24,9.96,29.6396246252,0.670441234,1.64,1656963295.96,0.64,0.48,0.52
331855530,6647581343.68,8.96,3.2,3.76,8.08,0.2,698.6,9.0,377.24,0.16,0.48,3.0,26.395987379999998,0.6253238311999999,0.76,1656963295.96,0.64,0.48,0.52
152962063,6648644255.2,11.32,0.72,3.6,11.2,0.0,545.08,8.32,301.2,0.76,0.16,11.64,40.507653064,0.6496712255999999,0.76,1657037324.32,0.48,0.56,0.44
77490514,6648644255.2,16.4,1.44,6.48,3.92,0.2,306.76,4.24,67.04,5.0,0.04,5.12,49.889228003999996,0.6693673556000002,0.12,1657037324.32,0.48,0.56,0.44
73562326,6648644255.2,14.16,1.32,4.16,8.04,0.24,531.84,5.96,285.72,0.24,0.32,3.68,24.167044188,0.6531930052,1.28,1657037324.32,0.48,0.56,0.44
54580962,6648644255.2,14.84,2.48,5.84,2.04,0.08,305.68,2.8,65.44,13.08,0.0,4.56,24.228724308,0.5837544231999999,0.32,1657037324.32,0.48,0.56,0.44
103910993,6649480643.24,8.96,1.44,5.04,10.08,0.2,579.96,6.28,297.28,0.44,0.48,2.2,22.757122766800002,0.6696007195999999,1.96,1657084153.52,0.4,0.36,0.64
177411785,6650776689.64,9.8,5.12,3.16,30.92,0.12,667.56,5.52,362.64,0.08,0.52,2.48,12.372943020000003,0.6526769976,3.0,1657159860.04,0.4,0.48,0.52
111620041,6651826584.72,13.04,1.4,3.2,9.8,0.12,596.12,9.96,274.96,1.16,0.16,9.68,17.4951980704,0.6904929339999998,0.92,1657236085.12,0.48,0.76,0.24
34505203,6651826584.72,13.04,1.0,4.56,18.08,0.12,496.68,5.4,209.16,1.2,0.08,3.52,20.945216035999998,0.5489151028,1.4,1657236085.12,0.48,0.76,0.24
101356886,6651826584.72,17.92,3.16,4.76,2.04,0.24,317.8,3.76,67.2,4.16,0.0,3.72,22.1563902,0.6532341367999999,0.12,1657236085.12,0.48,0.76,0.24
82262664,6651826584.72,16.08,1.72,5.48,2.24,0.04,316.28,3.12,52.68,9.08,0.08,3.84,28.926097468,0.5677703068,0.28,1657236085.12,0.48,0.76,0.24
105248644,6651826584.72,10.52,0.6,4.68,14.44,0.12,613.2,10.48,269.68,0.4,0.64,2.8,25.168104692,0.6355633340000001,2.96,1657236085.12,0.48,0.76,0.24
94296097,6651994069.32,15.24,0.96,5.96,2.12,0.04,281.56,1.4,42.68,10.96,0.0,3.88,15.416123406400004,0.5922258155999999,0.16,1657241101.8,0.48,0.64,0.36
139876032,6651994069.32,16.28,2.04,7.48,2.48,0.12,277.84,2.32,53.56,5.84,0.04,4.72,60.021719139999995,0.6396779259999998,0.04,1657241101.8,0.48,0.64,0.36
106863163,6651994069.32,10.76,1.24,2.84,11.76,0.04,600.6,10.04,314.76,1.52,0.12,12.08,25.587491676,0.7516168524,1.6,1657241101.8,0.48,0.64,0.36
94738847,6651994069.32,12.52,0.92,4.56,21.0,0.2,564.76,6.84,303.96,0.08,0.32,3.0,6.585010864,0.677519894,2.04,1657241101.8,0.48,0.64,0.36
16497807,6654862364.8,12.56,2.56,6.48,5.76,0.12,352.08,3.32,108.08,6.4,0.04,2.44,29.551089879999996,0.6104944964000001,0.08,1657401898.0,0.36,0.52,0.48
116934015,6654862364.8,8.84,4.72,4.72,11.4,0.2,660.16,7.2,334.76,0.32,0.56,2.96,19.904484544,0.6040390428000001,1.88,1657401898.0,0.36,0.52,0.48
190826739,6654862364.8,8.28,1.28,3.92,8.44,0.04,558.28,7.96,285.92,1.2,0.12,11.68,31.180488792000006,0.6212690151999999,0.8,1657401898.0,0.36,0.52,0.48
91730177,6654862364.8,12.44,5.92,6.48,2.96,0.12,306.72,2.52,70.88,7.92,0.08,3.92,26.460478015999993,0.5629364324,0.44,1657401898.0,0.36,0.52,0.48
97590558,6654862364.8,10.72,3.16,4.56,13.36,0.0,534.24,4.8,282.36,0.36,0.12,2.36,18.105429020000003,0.5858736028,1.64,1657401898.0,0.36,0.52,0.48
93618577,6654989335.28,10.16,3.0,3.16,8.44,0.04,557.72,7.04,276.04,1.96,0.08,9.52,28.370028,0.6633792684,0.84,1657416611.6,0.36,0.6,0.4
183719386,6654989335.28,9.4,1.8,3.92,10.24,0.16,483.0,6.92,218.44,0.16,0.24,2.64,25.810878155999998,0.6027450524,0.84,1657416611.6,0.36,0.6,0.4
90125566,6654989335.28,13.88,1.84,8.32,1.44,0.04,249.16,1.68,29.2,7.88,0.0,1.8,34.21660738400001,0.5834964055999999,0.2,1657416611.6,0.36,0.6,0.4
401792574,6654989335.28,13.64,2.56,6.28,6.64,0.16,324.52,2.84,82.16,5.64,0.0,4.28,26.937969300000006,0.6642485795999999,0.16,1657416611.6,0.36,0.6,0.4
167976729,6656924685.84,9.36,1.84,2.32,9.32,0.12,626.0,7.8,295.4,0.24,0.52,3.36,21.81411926,0.5980448096,2.44,1657530960.68,0.32,0.64,0.36
127617979,6658438700.0,9.64,2.28,3.32,13.0,0.12,617.16,8.08,345.36,0.0,0.72,3.16,9.663237435999998,0.5981259019999999,2.72,1657616416.72,0.6,0.64,0.36
111030315,6658438700.0,16.0,1.88,7.08,4.48,0.16,334.88,3.56,81.36,11.84,0.08,4.4,35.713090824,0.6816383479999999,0.4,1657616416.72,0.6,0.64,0.36
87278757,6658438700.0,14.52,2.72,5.32,6.76,0.08,295.52,1.48,77.32,5.0,0.0,6.12,23.711585308,0.5382255108,0.28,1657616416.72,0.6,0.64,0.36
121769650,6658438700.0,12.16,2.4,2.68,9.52,0.08,632.12,9.0,368.72,1.04,0.24,10.28,24.984857815999998,0.7105114304,0.96,1657616416.72,0.6,0.64,0.36
157475523,6663079102.32,14.28,1.56,5.32,4.12,0.08,302.16,3.12,54.24,4.68,0.08,3.84,35.31256324,0.6733258644000002,0.32,1657902317.24,0.52,0.68,0.32
173978074,6663079102.32,11.24,0.96,2.88,10.76,0.24,536.84,7.56,227.04,0.84,0.04,9.76,17.244424619999997,0.7445669588,0.56,1657902317.24,0.52,0.68,0.32
898754153,6663079102.32,8.88,2.56,2.84,9.44,0.04,667.6,6.8,311.48,0.08,0.64,2.12,17.210634992,0.6164620908,2.84,1657902317.24,0.52,0.68,0.32
118134220,6663079102.32,10.68,1.48,3.12,16.16,0.24,493.76,5.68,197.56,0.08,0.12,1.72,20.480784326800002,0.6345104260000001,1.32,1657902317.24,0.52,0.68,0.32
111114687,6663079102.32,14.12,2.44,5.48,2.0,0.04,281.48,2.24,46.96,8.8,0.0,2.68,13.523004035999996,0.637160436,0.16,1657902317.24,0.52,0.68,0.32
431770905,6665672643.28,11.72,1.76,3.16,9.28,0.04,528.32,6.76,280.48,1.52,0.12,8.84,28.8658248,0.6675363700000001,0.84,1658056223.8,0.32,0.6,0.4
256156323,6665672643.28,16.04,1.8,7.0,3.92,0.12,293.08,3.32,61.44,4.88,0.0,4.2,39.79126656000001,0.6710670151999999,0.08,1658056223.8,0.32,0.6,0.4
321580662,6665672643.28,9.24,1.52,3.4,13.84,0.08,654.16,7.52,385.68,0.36,0.52,3.08,13.187265704000001,0.5672545447999999,2.4,1658056223.8,0.32,0.6,0.4
302214028,6665672643.28,11.0,0.92,4.68,11.2,0.24,504.28,7.32,235.04,0.12,0.24,3.76,19.381631558,0.66672622,1.2,1658056223.8,0.32,0.6,0.4
113331514,6665672643.28,14.8,2.44,5.96,4.24,0.04,303.16,3.16,61.96,10.12,0.04,3.08,15.173339488000002,0.6095725596,0.24,1658056223.8,0.32,0.6,0.4
