Match,Date,League,Opponent,Result,Team_ID
6154675285,27 Aug 2021,13404,T1,Loss,111474
6154570036,27 Aug 2021,13404,T1,Loss,111474
6154455603,27 Aug 2021,13404,T1,Win,111474
6150376434,24 Aug 2021,13404,Team Liquid,Loss,111474
6150275324,24 Aug 2021,13404,Team Liquid,Win,111474
6149140000,23 Aug 2021,13404,beastcoast,Loss,111474
6149030060,23 Aug 2021,13404,beastcoast,Win,111474
6148475456,23 Aug 2021,13404,PSG.LGD,Loss,111474
6148393500,23 Aug 2021,13404,PSG.LGD,Loss,111474
6147266320,22 Aug 2021,13404,SG esports,Win,111474
6147149348,22 Aug 2021,13404,SG esports,Loss,111474
6145563784,21 Aug 2021,13404,Team Empire,Win,111474
6145444650,21 Aug 2021,13404,Team Empire,Win,111474
6050732096,20 Jun 2021,13228,T1,Loss,111474
6050625911,20 Jun 2021,13228,T1,Loss,111474
6049652918,19 Jun 2021,13228,OG,Win,111474
6049557684,19 Jun 2021,13228,OG,Win,111474
6049053288,19 Jun 2021,13228,ViKin.gg,Win,111474
6048938116,19 Jun 2021,13228,ViKin.gg,Win,111474
6047550708,18 Jun 2021,13228,Virtus.pro,Loss,111474
6047454799,18 Jun 2021,13228,Virtus.pro,Win,111474
6047370399,18 Jun 2021,13228,Virtus.pro,Loss,111474
6045131188,16 Jun 2021,13228,Team Secret,Win,111474
6045050854,16 Jun 2021,13228,Team Secret,Win,111474
6044650765,16 Jun 2021,13228,Team Unique,Win,111474
6044541398,16 Jun 2021,13228,Team Unique,Win,111474
6035690975,10 Jun 2021,12964,Team Spirit,Loss,111474
6035584181,10 Jun 2021,12964,Team Spirit,Win,111474
6035455715,10 Jun 2021,12964,Team Spirit,Loss,111474
6034022746,09 Jun 2021,12964,PSG.LGD,Loss,111474
6033930417,09 Jun 2021,12964,PSG.LGD,Loss,111474
5995718819,15 May 2021,13114,Hellbear Smashers,Win,111474
5995625596,15 May 2021,13114,Hellbear Smashers,Win,111474
5989931382,11 May 2021,13114,Tundra Esports,Win,111474
5989881522,11 May 2021,13114,Tundra Esports,Win,111474
5989792474,11 May 2021,13114,Tundra Esports,Loss,111474
5979186071,05 May 2021,13114,Brame,Loss,111474
5979128923,04 May 2021,13114,Brame,Win,111474
5979057906,04 May 2021,13114,Brame,Loss,111474
5969325268,28 Apr 2021,13114,Team Secret,Win,111474
5969233851,28 Apr 2021,13114,Team Secret,Loss,111474
5969131707,28 Apr 2021,13114,Team Secret,Win,111474
5963295157,25 Apr 2021,13114,Nigma,Win,111474
5963228451,24 Apr 2021,13114,Nigma,Loss,111474
5963133321,24 Apr 2021,13114,Nigma,Win,111474
5956562993,20 Apr 2021,13114,OG,Win,111474
5956503308,20 Apr 2021,13114,OG,Win,111474
5956430101,20 Apr 2021,13114,OG,Loss,111474
5945659740,14 Apr 2021,13114,Team Liquid,Win,111474
5945577006,14 Apr 2021,13114,Team Liquid,Win,111474
5945457206,14 Apr 2021,13114,Team Liquid,Loss,111474
5917380765,30 Mar 2021,12906,Team Liquid,Win,111474
5917291859,30 Mar 2021,12906,Team Liquid,Loss,111474
5917225412,30 Mar 2021,12906,PSG.LGD,Loss,111474
5917145096,30 Mar 2021,12906,PSG.LGD,Loss,111474
5917079092,30 Mar 2021,12906,OB.Neon,Win,111474
5916999738,30 Mar 2021,12906,OB.Neon,Loss,111474
5916945544,30 Mar 2021,12906,Quincy Crew,Loss,111474
5916889731,30 Mar 2021,12906,Quincy Crew,Win,111474
5915824015,29 Mar 2021,12906,Vici Gaming,Win,111474
5915716111,29 Mar 2021,12906,Vici Gaming,Loss,111474
5915269041,29 Mar 2021,12906,Thunder Predator,Loss,111474
5915211623,29 Mar 2021,12906,Thunder Predator,Loss,111474
5915155650,29 Mar 2021,12906,Team Aster,Loss,111474
5915088482,29 Mar 2021,12906,Team Aster,Loss,111474
5852799702,23 Feb 2021,12720,Team Liquid,Win,111474
5852750820,23 Feb 2021,12720,Team Liquid,Loss,111474
5852686523,23 Feb 2021,12720,Team Liquid,Win,111474
5841686487,17 Feb 2021,12720,ViKin.gg,Win,111474
5841586459,17 Feb 2021,12720,ViKin.gg,Win,111474
5841489804,17 Feb 2021,12720,ViKin.gg,Loss,111474
5833905398,14 Feb 2021,12720,Team Secret,Loss,111474
5833843888,13 Feb 2021,12720,Team Secret,Win,111474
5833785577,13 Feb 2021,12720,Team Secret,Loss,111474
5826158066,10 Feb 2021,12720,Tundra Esports,Win,111474
5826105412,09 Feb 2021,12720,Tundra Esports,Win,111474
5826047652,09 Feb 2021,12720,Tundra Esports,Loss,111474
5815311495,02 Feb 2021,12720,high coast,Win,111474
5815199351,02 Feb 2021,12720,high coast,Win,111474
5810610948,30 Jan 2021,12720,OG,Win,111474
5810529150,30 Jan 2021,12720,OG,Win,111474
5795374924,20 Jan 2021,12720,Nigma,Loss,111474
5795308217,20 Jan 2021,12720,Nigma,Loss,111474
5795225828,20 Jan 2021,12720,Nigma,Win,111474
5779696623,09 Jan 2021,12719,mudgolems,Win,111474
5779612514,09 Jan 2021,12719,mudgolems,Loss,111474
5779514520,09 Jan 2021,12719,mudgolems,Win,111474
5776633370,07 Jan 2021,12719,Hellbear Smashers,Win,111474
5776565631,07 Jan 2021,12719,Hellbear Smashers,Loss,111474
5776500847,07 Jan 2021,12719,Hellbear Smashers,Win,111474
5746455668,18 Dec 2020,12621,Nigma,Loss,111474
5746424883,18 Dec 2020,12621,Nigma,Loss,111474
5746362066,17 Dec 2020,12621,Nigma,Win,111474
5746072347,17 Dec 2020,12621,Virtus.pro,Win,111474
5746008821,17 Dec 2020,12621,Virtus.pro,Win,111474
5745904582,17 Dec 2020,12621,Virtus.pro,Loss,111474
5744640770,16 Dec 2020,12621,Natus Vincere,Loss,111474
5744562261,16 Dec 2020,12621,Natus Vincere,Loss,111474
5744492339,16 Dec 2020,12621,Natus Vincere,Win,111474
5743514234,15 Dec 2020,12621,mudgolems,Win,111474
6167888335,05 Sep 2021,13456,Vici Gaming,Win,6209166
6167756483,05 Sep 2021,13456,Vici Gaming,Win,6209166
6167629553,05 Sep 2021,13456,Vici Gaming,Win,6209166
6167522570,05 Sep 2021,13456,Vici Gaming,Loss,6209166
6166205179,04 Sep 2021,13456,Vici Gaming,Win,6209166
6166089125,04 Sep 2021,13456,Vici Gaming,Win,6209166
6165939871,04 Sep 2021,13456,Vici Gaming,Loss,6209166
6157283010,29 Aug 2021,13456,INVICTUS GAMING,Win,6209166
6157204372,29 Aug 2021,13456,INVICTUS GAMING,Loss,6209166
6157123663,29 Aug 2021,13456,INVICTUS GAMING,Win,6209166
6151383558,25 Aug 2021,13456,Royal Never Give Up,Loss,6209166
6151290800,25 Aug 2021,13456,Royal Never Give Up,Loss,6209166
6150981759,25 Aug 2021,13456,Team Magma,Win,6209166
6150933024,25 Aug 2021,13456,Team Magma,Win,6209166
6149717109,24 Aug 2021,13456,Aster.Aries,Win,6209166
6149648029,24 Aug 2021,13456,Aster.Aries,Win,6209166
6148477384,23 Aug 2021,13456,Elephant,Win,6209166
6148402440,23 Aug 2021,13456,Elephant,Win,6209166
6145148401,21 Aug 2021,13456,Vici Gaming,Win,6209166
6145077191,21 Aug 2021,13456,Vici Gaming,Loss,6209166
6145012604,21 Aug 2021,13456,Vici Gaming,Win,6209166
6142377947,19 Aug 2021,13456,INVICTUS GAMING,Win,6209166
6142285280,19 Aug 2021,13456,INVICTUS GAMING,Win,6209166
6142192633,19 Aug 2021,13456,INVICTUS GAMING,Loss,6209166
6134576797,14 Aug 2021,13403,PSG.LGD,Loss,6209166
6134509442,14 Aug 2021,13403,PSG.LGD,Loss,6209166
6133075068,13 Aug 2021,13403,Royal Never Give Up,Win,6209166
6133023356,13 Aug 2021,13403,Royal Never Give Up,Loss,6209166
6132956593,13 Aug 2021,13403,Royal Never Give Up,Win,6209166
6130109755,11 Aug 2021,13403,Vici Gaming,Loss,6209166
6130055039,11 Aug 2021,13403,Vici Gaming,Loss,6209166
6129953426,11 Aug 2021,13403,INVICTUS GAMING,Loss,6209166
6129106124,10 Aug 2021,13403,INVICTUS GAMING,Loss,6209166
6129071917,10 Aug 2021,13403,INVICTUS GAMING,Loss,6209166
6128973238,10 Aug 2021,13403,INVICTUS GAMING,Loss,6209166
6128872772,10 Aug 2021,13403,INVICTUS GAMING,Win,6209166
6125616660,08 Aug 2021,13403,Unknown Radiant Team,Win,6209166
6125535988,08 Aug 2021,13403,Unknown Radiant Team,Win,6209166
6124191740,07 Aug 2021,13403,Royal Never Give Up,Win,6209166
6124120747,07 Aug 2021,13403,Royal Never Give Up,Loss,6209166
6124057721,07 Aug 2021,13403,Royal Never Give Up,Win,6209166
6104648330,25 Jul 2021,13420,Vici Gaming,Win,6209166
6104576783,25 Jul 2021,13420,Vici Gaming,Win,6209166
6104485254,25 Jul 2021,13420,Vici Gaming,Win,6209166
6102919239,24 Jul 2021,13420,Vici Gaming,Win,6209166
6102827038,24 Jul 2021,13420,Vici Gaming,Win,6209166
6035334054,10 Jun 2021,12964,TNC Predator,Loss,6209166
6035237462,10 Jun 2021,12964,TNC Predator,Loss,6209166
6035159079,10 Jun 2021,12964,TNC Predator,Win,6209166
6033828511,09 Jun 2021,12964,T1,Loss,6209166
6033763787,09 Jun 2021,12964,T1,Loss,6209166
6008843170,24 May 2021,12929,PSG.LGD,Loss,6209166
6008794290,24 May 2021,12929,PSG.LGD,Loss,6209166
6005536153,22 May 2021,12929,EHOME,Win,6209166
6005454119,22 May 2021,12929,EHOME,Loss,6209166
6005377926,22 May 2021,12929,EHOME,Win,6209166
6003945534,21 May 2021,13112,Elephant,Win,6209166
6003877669,21 May 2021,13112,Elephant,Win,6209166
6003824102,21 May 2021,13112,Elephant,Loss,6209166
5999581275,18 May 2021,12929,Vici Gaming,Loss,6209166
5999526271,18 May 2021,12929,Vici Gaming,Loss,6209166
5998455657,17 May 2021,12929,INVICTUS GAMING,Loss,6209166
5998373046,17 May 2021,12929,INVICTUS GAMING,Win,6209166
5998306037,17 May 2021,12929,INVICTUS GAMING,Loss,6209166
5998224254,17 May 2021,12929,Royal Never Give Up,Win,6209166
5998183380,17 May 2021,12929,Royal Never Give Up,Loss,6209166
5998126239,17 May 2021,12929,Royal Never Give Up,Win,6209166
5993131275,14 May 2021,13112,EHOME,Loss,6209166
5993077709,14 May 2021,13112,EHOME,Loss,6209166
5991946962,13 May 2021,12929,INVICTUS GAMING,Win,6209166
5991895999,13 May 2021,12929,INVICTUS GAMING,Win,6209166
5989186090,11 May 2021,13112,Royal Never Give Up,Win,6209166
5989118719,11 May 2021,13112,Royal Never Give Up,Win,6209166
5989044969,11 May 2021,13112,Royal Never Give Up,Loss,6209166
5987647288,10 May 2021,12929,Vici Gaming,Loss,6209166
5987591218,10 May 2021,12929,Vici Gaming,Win,6209166
5987535079,10 May 2021,12929,Vici Gaming,Loss,6209166
5985806877,09 May 2021,12929,Team Magma,Loss,6209166
5985740747,09 May 2021,12929,Team Magma,Loss,6209166
5984292086,08 May 2021,12929,Team Magma,Win,6209166
5984232952,08 May 2021,12929,Team Magma,Win,6209166
5984183444,08 May 2021,12929,Team Magma,Loss,6209166
5984120012,08 May 2021,12929,Elephant,Win,6209166
5984061584,08 May 2021,12929,Elephant,Win,6209166
5981342190,06 May 2021,12929,Elephant,Win,6209166
5981286393,06 May 2021,12929,Elephant,Loss,6209166
5981217610,06 May 2021,12929,Elephant,Win,6209166
5979824549,05 May 2021,12929,PSG.LGD,Loss,6209166
5979755799,05 May 2021,12929,PSG.LGD,Loss,6209166
5978081453,04 May 2021,13112,Sparking Arrow Gaming,Win,6209166
5978027805,04 May 2021,13112,Sparking Arrow Gaming,Win,6209166
5974803487,02 May 2021,13112,Vici Gaming,Win,6209166
5974717775,02 May 2021,13112,Vici Gaming,Loss,6209166
5974631253,02 May 2021,13112,Vici Gaming,Win,6209166
5971437142,30 Apr 2021,13112,PSG.LGD,Win,6209166
5971372153,30 Apr 2021,13112,PSG.LGD,Win,6209166
5966984671,27 Apr 2021,13112,INVICTUS GAMING,Win,6209166
5966933589,27 Apr 2021,13112,INVICTUS GAMING,Win,6209166
5965581291,26 Apr 2021,12929,Royal Never Give Up,Win,6209166
5965532499,26 Apr 2021,12929,Royal Never Give Up,Win,6209166
6040802788,13 Jun 2021,12964,PSG.LGD,Loss,39
6040722034,13 Jun 2021,12964,PSG.LGD,Loss,39
6040639859,13 Jun 2021,12964,PSG.LGD,Loss,39
6040431300,13 Jun 2021,12964,T1,Win,39
6040270220,13 Jun 2021,12964,T1,Loss,39
6040147446,13 Jun 2021,12964,T1,Win,39
6038835198,12 Jun 2021,12964,Vici Gaming,Win,39
6038753175,12 Jun 2021,12964,Vici Gaming,Win,39
6038642649,12 Jun 2021,12964,Vici Gaming,Loss,39
6038190628,12 Jun 2021,12964,Nigma,Win,39
6038118011,12 Jun 2021,12964,Nigma,Win,39
6036978461,11 Jun 2021,12964,TNC Predator,Win,39
6036850305,11 Jun 2021,12964,TNC Predator,Loss,39
6036747392,11 Jun 2021,12964,TNC Predator,Win,39
6036146532,11 Jun 2021,12964,NoPing Esports,Win,39
6036109553,11 Jun 2021,12964,NoPing Esports,Loss,39
6036054100,10 Jun 2021,12964,NoPing Esports,Win,39
6031605579,07 Jun 2021,12964,Team Liquid,Loss,39
6031515062,07 Jun 2021,12964,Team Liquid,Win,39
6030163065,06 Jun 2021,12964,Nigma,Loss,39
6030086704,06 Jun 2021,12964,Nigma,Win,39
6029767740,06 Jun 2021,12964,PSG.LGD,Loss,39
6029647621,06 Jun 2021,12964,PSG.LGD,Loss,39
6028286082,05 Jun 2021,12964,Vici Gaming,Loss,39
6028187182,05 Jun 2021,12964,Vici Gaming,Win,39
6027756889,05 Jun 2021,12964,beastcoast,Loss,39
6027655312,05 Jun 2021,12964,beastcoast,Win,39
6026329775,04 Jun 2021,12964,Team Spirit,Win,39
6026231485,04 Jun 2021,12964,Team Spirit,Loss,39
6026091566,04 Jun 2021,12964,TNC Predator,Win,39
6026011973,04 Jun 2021,12964,TNC Predator,Win,39
5997903024,17 May 2021,13119,Quincy Crew,Loss,39
5997852939,17 May 2021,13119,Quincy Crew,Loss,39
5997805507,17 May 2021,13119,Quincy Crew,Win,39
5992735258,13 May 2021,13119,Undying,Win,39
5992682835,13 May 2021,13119,Undying,Win,39
5986910760,09 May 2021,13119,Simply TOOBASED,Win,39
5986852791,09 May 2021,13119,Simply TOOBASED,Win,39
5975909052,03 May 2021,13119,sadboys,Win,39
5975849959,03 May 2021,13119,sadboys,Win,39
5965082396,26 Apr 2021,13119,4 Zoomers,Win,39
5965042909,26 Apr 2021,13119,4 Zoomers,Win,39
5953163009,18 Apr 2021,13119,The Cut,Win,39
5953097165,18 Apr 2021,13119,The Cut,Win,39
5926851979,04 Apr 2021,12906,INVICTUS GAMING,Loss,39
5926732118,04 Apr 2021,12906,INVICTUS GAMING,Loss,39
5926596132,04 Apr 2021,12906,INVICTUS GAMING,Loss,39
5926498037,04 Apr 2021,12906,INVICTUS GAMING,Win,39
5926402991,04 Apr 2021,12906,INVICTUS GAMING,Win,39
5924812056,03 Apr 2021,12906,PSG.LGD,Win,39
5924712320,03 Apr 2021,12906,PSG.LGD,Loss,39
5924610089,03 Apr 2021,12906,PSG.LGD,Win,39
5922226336,02 Apr 2021,12906,INVICTUS GAMING,Win,39
5922162182,02 Apr 2021,12906,INVICTUS GAMING,Win,39
5918743805,31 Mar 2021,12906,Fnatic,Win,39
5918691827,31 Mar 2021,12906,Fnatic,Win,39
5861478139,28 Feb 2021,12735,Quincy Crew,Win,39
5861410266,28 Feb 2021,12735,Undying,Win,39
5855989961,25 Feb 2021,12735,5ManMidas,Win,39
5855934310,25 Feb 2021,12735,5ManMidas,Win,39
5843681221,18 Feb 2021,12735,Quincy Crew,Loss,39
5843623493,18 Feb 2021,12735,Quincy Crew,Loss,39
5843551582,18 Feb 2021,12735,Quincy Crew,Win,39
5835830280,14 Feb 2021,12735,A-Team,Win,39
5835776485,14 Feb 2021,12735,A-Team,Win,39
5822825599,08 Feb 2021,12735,Undying,Win,39
5822788184,07 Feb 2021,12735,Undying,Win,39
5807529394,29 Jan 2021,12735,Black N Yellow,Win,39
5807499243,29 Jan 2021,12735,Black N Yellow,Win,39
5801507990,24 Jan 2021,12735,sadboys,Win,39
5801454875,24 Jan 2021,12735,sadboys,Win,39
5801388796,24 Jan 2021,12735,sadboys,Loss,39
5794366867,20 Jan 2021,12735,4 Zoomers,Win,39
5794319982,20 Jan 2021,12735,4 Zoomers,Loss,39
5794269880,20 Jan 2021,12735,4 Zoomers,Win,39
5600057443,05 Sep 2020,12245,Alliance,Loss,39
5600009918,04 Sep 2020,12245,Alliance,Win,39
5599926782,04 Sep 2020,12245,Alliance,Loss,39
5599822430,04 Sep 2020,12245,Alliance,Loss,39
5598495967,03 Sep 2020,12245,Team Secret,Loss,39
5598425680,03 Sep 2020,12245,Team Secret,Loss,39
5591026160,29 Aug 2020,12245,Virtus.pro,Loss,39
5590941120,29 Aug 2020,12245,Virtus.pro,Win,39
5590827911,29 Aug 2020,12245,Virtus.pro,Loss,39
5587708701,27 Aug 2020,12245,Alliance,Win,39
5587611380,27 Aug 2020,12245,Alliance,Win,39
5581802923,23 Aug 2020,12245,Natus Vincere,Loss,39
5581689509,23 Aug 2020,12245,Natus Vincere,Loss,39
5577184403,20 Aug 2020,12245,Nigma,Win,39
5577117359,20 Aug 2020,12245,Nigma,Loss,39
5577029383,20 Aug 2020,12245,Nigma,Win,39
5569410227,15 Aug 2020,12245,5men,Win,39
5569301940,15 Aug 2020,12245,5men,Win,39
5492227432,29 Jun 2020,11863,4 Zoomers,Loss,39
5492147125,29 Jun 2020,11863,4 Zoomers,Loss,39
5490967399,29 Jun 2020,11863,CR4ZY,Win,39
5490915305,28 Jun 2020,11863,CR4ZY,Win,39
5488154636,27 Jun 2020,11863,Thunder Predator,Win,39
5488118962,27 Jun 2020,11863,Thunder Predator,Win,39
5488060237,26 Jun 2020,11863,4 Zoomers,Loss,39
6165795569,04 Sep 2021,13456,INVICTUS GAMING,Loss,8204512
6165729218,04 Sep 2021,13456,INVICTUS GAMING,Win,8204512
6165650974,04 Sep 2021,13456,INVICTUS GAMING,Loss,8204512
6164440873,03 Sep 2021,13456,Royal Never Give Up,Win,8204512
6164354155,03 Sep 2021,13456,Royal Never Give Up,Win,8204512
6155563630,28 Aug 2021,13456,INVICTUS GAMING,Loss,8204512
6155477270,28 Aug 2021,13456,INVICTUS GAMING,Loss,8204512
6154285584,27 Aug 2021,13456,Vici Gaming,Win,8204512
6154195303,27 Aug 2021,13456,Vici Gaming,Win,8204512
6154123124,27 Aug 2021,13456,Vici Gaming,Loss,8204512
6153830341,27 Aug 2021,13456,Aster.Aries,Win,8204512
6153784531,27 Aug 2021,13456,Aster.Aries,Win,8204512
6149961987,24 Aug 2021,13456,Team Magma,Win,8204512
6149867844,24 Aug 2021,13456,Team Magma,Loss,8204512
6149792939,24 Aug 2021,13456,Team Magma,Win,8204512
6146969170,22 Aug 2021,13456,INVICTUS GAMING,Win,8204512
6146872488,22 Aug 2021,13456,INVICTUS GAMING,Win,8204512
6143699219,20 Aug 2021,13456,Royal Never Give Up,Loss,8204512
6143631397,20 Aug 2021,13456,Royal Never Give Up,Loss,8204512
6137908066,16 Aug 2021,13403,PSG.LGD,Loss,8204512
6137847586,16 Aug 2021,13403,PSG.LGD,Loss,8204512
6137794642,16 Aug 2021,13403,PSG.LGD,Loss,8204512
6134804368,14 Aug 2021,13403,INVICTUS GAMING,Win,8204512
6134730539,14 Aug 2021,13403,INVICTUS GAMING,Loss,8204512
6134650615,14 Aug 2021,13403,INVICTUS GAMING,Win,8204512
6131576475,12 Aug 2021,13403,Vici Gaming,Win,8204512
6131508266,12 Aug 2021,13403,Vici Gaming,Win,8204512
6127523322,09 Aug 2021,13403,Vici Gaming,Win,8204512
6127425582,09 Aug 2021,13403,Vici Gaming,Win,8204512
6125780925,08 Aug 2021,13403,PSG.LGD,Win,8204512
6125698868,08 Aug 2021,13403,PSG.LGD,Win,8204512
6123916058,07 Aug 2021,13403,Aster.Aries,Win,8204512
6123833598,07 Aug 2021,13403,Aster.Aries,Win,8204512
6081888081,10 Jul 2021,13256,EHOME,Win,8204512
6081805157,10 Jul 2021,13256,EHOME,Win,8204512
6081734536,10 Jul 2021,13256,EHOME,Win,8204512
6081649693,10 Jul 2021,13256,EHOME,Loss,8204512
6081547301,10 Jul 2021,13256,Team Magma,Win,8204512
6081496014,10 Jul 2021,13256,Team Magma,Win,8204512
6080247712,09 Jul 2021,13256,EHOME,Loss,8204512
6080181199,09 Jul 2021,13256,EHOME,Win,8204512
6080108469,09 Jul 2021,13256,EHOME,Loss,8204512
6079209111,08 Jul 2021,13256,Royal Never Give Up,Win,8204512
6079100944,08 Jul 2021,13256,Royal Never Give Up,Loss,8204512
6078908851,08 Jul 2021,13256,Royal Never Give Up,Win,8204512
6077093828,07 Jul 2021,13256,Team Magma,Win,8204512
6077053276,07 Jul 2021,13256,Team Magma,Win,8204512
5999785840,18 May 2021,12929,Vici Gaming,Loss,8204512
5999723508,18 May 2021,12929,Vici Gaming,Loss,8204512
5999641847,18 May 2021,12929,Vici Gaming,Win,8204512
5997018272,16 May 2021,13112,PSG.LGD,Loss,8204512
5996901434,16 May 2021,13112,PSG.LGD,Loss,8204512
5996813071,16 May 2021,13112,PSG.LGD,Win,8204512
5993226448,14 May 2021,12929,INVICTUS GAMING,Loss,8204512
5993171111,14 May 2021,12929,INVICTUS GAMING,Loss,8204512
5988990186,11 May 2021,12929,PSG.LGD,Loss,8204512
5988942149,11 May 2021,12929,PSG.LGD,Loss,8204512
5987437349,10 May 2021,12929,Vici Gaming,Loss,8204512
5987377101,10 May 2021,12929,Vici Gaming,Loss,8204512
5986132774,09 May 2021,13112,INVICTUS GAMING,Win,8204512
5986047937,09 May 2021,13112,INVICTUS GAMING,Win,8204512
5982664511,07 May 2021,13112,Vici Gaming,Loss,8204512
5982601163,07 May 2021,13112,Vici Gaming,Loss,8204512
5978092011,04 May 2021,12929,INVICTUS GAMING,Loss,8204512
5978034939,04 May 2021,12929,INVICTUS GAMING,Win,8204512
5977976665,04 May 2021,12929,INVICTUS GAMING,Loss,8204512
5973208315,01 May 2021,12929,EHOME,Win,8204512
5973113050,01 May 2021,12929,EHOME,Win,8204512
5964092808,25 Apr 2021,13112,Royal Never Give Up,Loss,8204512
5963977839,25 Apr 2021,13112,Royal Never Give Up,Loss,8204512
5960261665,23 Apr 2021,12929,PSG.LGD,Loss,8204512
5960200793,23 Apr 2021,12929,PSG.LGD,Win,8204512
5955652344,20 Apr 2021,13112,Sparking Arrow Gaming,Win,8204512
5955536673,20 Apr 2021,13112,Sparking Arrow Gaming,Win,8204512
5952214212,18 Apr 2021,13112,EHOME,Win,8204512
5952123036,18 Apr 2021,13112,EHOME,Win,8204512
5946439797,15 Apr 2021,12929,Team Magma,Win,8204512
5946357974,15 Apr 2021,12929,Team Magma,Win,8204512
5944785582,14 Apr 2021,12929,Royal Never Give Up,Loss,8204512
5944727030,14 Apr 2021,12929,Royal Never Give Up,Loss,8204512
5933648823,08 Apr 2021,12929,Team Magma,Win,8204512
5933590753,08 Apr 2021,12929,Team Magma,Win,8204512
5930328885,06 Apr 2021,12929,Royal Never Give Up,Win,8204512
5930247995,06 Apr 2021,12929,Royal Never Give Up,Loss,8204512
5930209486,06 Apr 2021,12929,Royal Never Give Up,Win,8204512
5924864550,03 Apr 2021,12929,EHOME,Loss,8204512
5924729564,03 Apr 2021,12929,EHOME,Loss,8204512
5897236757,20 Mar 2021,12917,EHOME,Loss,8204512
5897156238,20 Mar 2021,12917,EHOME,Loss,8204512
5895868559,19 Mar 2021,12917,Team Aster,Win,8204512
6171542154,08 Sep 2021,13503,Team Spirit,Loss,350190
6171471249,08 Sep 2021,13503,Team Spirit,Loss,350190
6170557905,07 Sep 2021,13503,Tundra Esports,Loss,350190
6170462486,07 Sep 2021,13503,Tundra Esports,Win,350190
6170364481,07 Sep 2021,13503,Tundra Esports,Loss,350190
6169543435,06 Sep 2021,13503,Thunder Predator,Win,350190
6169450409,06 Sep 2021,13503,Thunder Predator,Win,350190
6136514393,15 Aug 2021,13409,Galaxy Racer Esports,Loss,350190
6136409924,15 Aug 2021,13409,Galaxy Racer Esports,Loss,350190
6136322382,15 Aug 2021,13409,Galaxy Racer Esports,Loss,350190
6136244492,15 Aug 2021,13409,Galaxy Racer Esports,Win,350190
6136173417,15 Aug 2021,13409,Galaxy Racer Esports,Win,350190
6136055119,15 Aug 2021,13409,Team SMG,Win,350190
6135985807,15 Aug 2021,13409,Team SMG,Win,350190
6134456941,14 Aug 2021,13409,Galaxy Racer Esports,Loss,350190
6134366079,14 Aug 2021,13409,Galaxy Racer Esports,Loss,350190
6131534973,12 Aug 2021,13409,Execration,Win,350190
6131474479,12 Aug 2021,13409,Execration,Loss,350190
6131410354,12 Aug 2021,13409,Execration,Win,350190
6125710227,08 Aug 2021,13409,Galaxy Racer Esports,Win,350190
6125613921,08 Aug 2021,13409,Galaxy Racer Esports,Win,350190
6125520822,08 Aug 2021,13409,Team SMG,Loss,350190
6125454928,08 Aug 2021,13409,Team SMG,Loss,350190
6123989664,07 Aug 2021,13409,Army Geniuses,Win,350190
6123916411,07 Aug 2021,13409,Army Geniuses,Win,350190
6123841142,07 Aug 2021,13409,OB.Neon,Win,350190
6123769781,07 Aug 2021,13409,OB.Neon,Win,350190
6122532482,06 Aug 2021,13409,Execration,Loss,350190
6122463623,06 Aug 2021,13409,Execration,Loss,350190
6122391213,06 Aug 2021,13409,T1,Loss,350190
6122326407,06 Aug 2021,13409,T1,Loss,350190
6118151977,03 Aug 2021,13409,Motivate.Trust Gaming,Win,350190
6118090707,03 Aug 2021,13409,Motivate.Trust Gaming,Win,350190
6071453424,03 Jul 2021,13256,TNC Predator,Win,350190
6071325564,03 Jul 2021,13256,TNC Predator,Win,350190
6071205619,03 Jul 2021,13256,TNC Predator,Win,350190
6071087562,03 Jul 2021,13256,TNC Predator,Loss,350190
6070996580,03 Jul 2021,13256,TNC Predator,Loss,350190
6069602989,02 Jul 2021,13256,TNC Predator,Win,350190
6069479087,02 Jul 2021,13256,TNC Predator,Win,350190
6067890712,01 Jul 2021,13256,OB.Neon,Win,350190
6067814637,01 Jul 2021,13256,OB.Neon,Loss,350190
6067731910,01 Jul 2021,13256,OB.Neon,Win,350190
6066544589,30 Jun 2021,13256,Ωmega Esports,Win,350190
6066411685,30 Jun 2021,13256,Ωmega Esports,Loss,350190
6066339778,30 Jun 2021,13256,Ωmega Esports,Win,350190
6005465557,22 May 2021,13108,Execration,Loss,350190
6005372695,22 May 2021,13108,Execration,Loss,350190
6001282966,19 May 2021,13108,TNC Predator,Loss,350190
6001193546,19 May 2021,13108,TNC Predator,Loss,350190
6001117547,19 May 2021,13108,TNC Predator,Win,350190
5991982810,13 May 2021,13108,OB.Neon,Win,350190
5991922635,13 May 2021,13108,OB.Neon,Win,350190
5990457839,12 May 2021,13108,T1,Loss,350190
5990401028,12 May 2021,13108,T1,Loss,350190
5984405897,08 May 2021,13108,Lilgun,Win,350190
5984333124,08 May 2021,13108,Lilgun,Win,350190
5979751350,05 May 2021,13108,Ωmega Esports,Win,350190
5979678381,05 May 2021,13108,Ωmega Esports,Win,350190
5979605850,05 May 2021,13108,Ωmega Esports,Loss,350190
5968535535,28 Apr 2021,13108,BOOM Esports,Win,350190
5968473396,28 Apr 2021,13108,BOOM Esports,Win,350190
5968419796,28 Apr 2021,13108,BOOM Esports,Loss,350190
5957200952,21 Apr 2021,13108,Execration,Loss,350190
5957119713,21 Apr 2021,13108,Execration,Loss,350190
5920494710,01 Apr 2021,12906,OB.Neon,Loss,350190
5920449253,01 Apr 2021,12906,OB.Neon,Win,350190
5920377449,01 Apr 2021,12906,OB.Neon,Loss,350190
5853765508,24 Feb 2021,12705,TNC Predator,Win,350190
5853604050,24 Feb 2021,12705,TNC Predator,Win,350190
5853510474,24 Feb 2021,12705,TNC Predator,Loss,350190
5842863001,18 Feb 2021,12705,Neon Esports,Win,350190
5842709183,18 Feb 2021,12705,Neon Esports,Loss,350190
5842589675,18 Feb 2021,12705,Neon Esports,Win,350190
5832799872,13 Feb 2021,12705,496 Gaming,Win,350190
5832690069,13 Feb 2021,12705,496 Gaming,Win,350190
5826804248,10 Feb 2021,12705,Vice eSports,Win,350190
5826723892,10 Feb 2021,12705,Vice eSports,Win,350190
5816016578,03 Feb 2021,12705,BOOM Esports,Loss,350190
5815942686,03 Feb 2021,12705,BOOM Esports,Loss,350190
5815888178,03 Feb 2021,12705,BOOM Esports,Win,350190
5805193360,27 Jan 2021,12705,Execration,Win,350190
5805095100,27 Jan 2021,12705,Execration,Win,350190
5794669967,20 Jan 2021,12705,T1,Win,350190
5794604262,20 Jan 2021,12705,T1,Win,350190
5748708450,19 Dec 2020,11863,T1,Loss,350190
5748598288,19 Dec 2020,11863,T1,Loss,350190
5746869271,18 Dec 2020,11863,MOTIVADE.TRUST GAMING,Win,350190
5746811781,18 Dec 2020,11863,MOTIVADE.TRUST GAMING,Win,350190
5745655227,17 Dec 2020,11863,TNC Predator,Loss,350190
5745608790,17 Dec 2020,11863,TNC Predator,Win,350190
5745559862,17 Dec 2020,11863,TNC Predator,Loss,350190
5741778052,14 Dec 2020,11863,Vice eSports,Win,350190
5741725048,14 Dec 2020,11863,Vice eSports,Win,350190
5740684823,13 Dec 2020,11863,Neon Esports,Win,350190
5740598176,13 Dec 2020,11863,Neon Esports,Win,350190
5738916063,12 Dec 2020,11863,TEAM DOG,Win,350190
5738843855,12 Dec 2020,11863,TEAM DOG,Loss,350190
6167374172,05 Sep 2021,13456,Vici Gaming,Loss,5
6167303821,05 Sep 2021,13456,Vici Gaming,Win,5
6167201622,05 Sep 2021,13456,Vici Gaming,Loss,5
6164262123,03 Sep 2021,13456,Team Magma,Win,5
6164211366,03 Sep 2021,13456,Team Magma,Win,5
6164143689,03 Sep 2021,13456,Team Magma,Loss,5
6152561675,26 Aug 2021,13456,Team Magma,Loss,5
6152498998,26 Aug 2021,13456,Team Magma,Loss,5
6149569489,24 Aug 2021,13456,Vici Gaming,Loss,5
6149504341,24 Aug 2021,13456,Vici Gaming,Loss,5
6148287710,23 Aug 2021,13456,Aster.Aries,Win,5
6148219982,23 Aug 2021,13456,Aster.Aries,Win,5
6145429738,21 Aug 2021,13456,Royal Never Give Up,Win,5
6145287019,21 Aug 2021,13456,Royal Never Give Up,Win,5
6136444104,15 Aug 2021,13403,PSG.LGD,Loss,5
6136360222,15 Aug 2021,13403,PSG.LGD,Loss,5
6131708295,12 Aug 2021,13403,Royal Never Give Up,Win,5
6131631709,12 Aug 2021,13403,Royal Never Give Up,Win,5
6129997794,11 Aug 2021,13403,Royal Never Give Up,Win,5
6127343059,09 Aug 2021,13403,Unknown Radiant Team,Win,5
6127273221,09 Aug 2021,13403,Sparking Arrow Gaming,Win,5
6126092366,08 Aug 2021,13403,Royal Never Give Up,Loss,5
6125996184,08 Aug 2021,13403,Royal Never Give Up,Loss,5
6125870326,08 Aug 2021,13403,Royal Never Give Up,Win,5
6101346081,23 Jul 2021,13420,Royal Never Give Up,Loss,5
6101271546,23 Jul 2021,13420,Royal Never Give Up,Loss,5
6099957369,22 Jul 2021,13420,Vici Gaming,Loss,5
6099872941,22 Jul 2021,13420,Vici Gaming,Loss,5
6025387755,03 Jun 2021,12964,Nigma,Loss,5
6025323952,03 Jun 2021,12964,Team Secret,Win,5
6025259930,03 Jun 2021,12964,Team Secret,Win,5
6025014333,03 Jun 2021,12964,AS Monaco Gambit,Win,5
6024925076,03 Jun 2021,12964,AS Monaco Gambit,Loss,5
6024827482,03 Jun 2021,12964,Vici Gaming,Loss,5
6024739769,03 Jun 2021,12964,Vici Gaming,Loss,5
6023828679,02 Jun 2021,12964,Nigma,Win,5
6023752731,02 Jun 2021,12964,Nigma,Win,5
6023444829,02 Jun 2021,12964,Execration,Loss,5
6023332232,02 Jun 2021,12964,Execration,Win,5
6003972570,21 May 2021,12929,Royal Never Give Up,Win,5
6003930386,21 May 2021,12929,Royal Never Give Up,Win,5
5999656438,18 May 2021,13112,EHOME,Win,5
5999590340,18 May 2021,13112,EHOME,Win,5
5996655612,16 May 2021,13112,Sparking Arrow Gaming,Win,5
5996563758,16 May 2021,13112,Sparking Arrow Gaming,Win,5
5995221423,15 May 2021,12929,EHOME,Win,5
5995141629,15 May 2021,12929,EHOME,Loss,5
5995052428,15 May 2021,12929,EHOME,Win,5
5993387260,14 May 2021,12929,PSG.LGD,Loss,5
5993329774,14 May 2021,12929,PSG.LGD,Win,5
5993282381,14 May 2021,12929,PSG.LGD,Loss,5
5990466771,12 May 2021,12929,Vici Gaming,Loss,5
5990418464,12 May 2021,12929,Vici Gaming,Loss,5
5982525102,07 May 2021,13112,Royal Never Give Up,Win,5
5982478731,07 May 2021,13112,Royal Never Give Up,Loss,5
5982439586,07 May 2021,13112,Royal Never Give Up,Win,5
5981165757,06 May 2021,12929,EHOME,Loss,5
5981096443,06 May 2021,12929,EHOME,Loss,5
5981051534,06 May 2021,12929,EHOME,Win,5
5978319070,04 May 2021,12929,Team Magma,Loss,5
5978248164,04 May 2021,12929,Team Magma,Win,5
5978189904,04 May 2021,12929,Team Magma,Loss,5
5976392799,03 May 2021,12929,Vici Gaming,Win,5
5976320985,03 May 2021,12929,Vici Gaming,Win,5
5976234569,03 May 2021,12929,Vici Gaming,Loss,5
5975053924,02 May 2021,13112,PSG.LGD,Loss,5
5974971767,02 May 2021,13112,PSG.LGD,Loss,5
6082678236,10 Jul 2021,13256,Tundra Esports,Win,2586976
6082594060,10 Jul 2021,13256,Tundra Esports,Win,2586976
6082512086,10 Jul 2021,13256,Tundra Esports,Loss,2586976
6082397383,10 Jul 2021,13256,Tundra Esports,Win,2586976
6082238182,10 Jul 2021,13256,Tundra Esports,Loss,2586976
6082074457,10 Jul 2021,13256,Nigma,Win,2586976
6081978485,10 Jul 2021,13256,Nigma,Win,2586976
6081890096,10 Jul 2021,13256,Nigma,Loss,2586976
6080808402,09 Jul 2021,13256,Tundra Esports,Loss,2586976
6080708496,09 Jul 2021,13256,Tundra Esports,Loss,2586976
6079627423,08 Jul 2021,13256,Nigma,Win,2586976
6079555406,08 Jul 2021,13256,Nigma,Loss,2586976
6079489926,08 Jul 2021,13256,Nigma,Win,2586976
6077783362,07 Jul 2021,13256,ViKin.gg,Win,2586976
6077673723,07 Jul 2021,13256,ViKin.gg,Win,2586976
6077539956,07 Jul 2021,13256,ViKin.gg,Loss,2586976
6049050352,19 Jun 2021,13228,Quincy Crew,Win,2586976
6048937284,19 Jun 2021,13228,Quincy Crew,Win,2586976
6048044058,18 Jun 2021,13228,Nigma,Win,2586976
6047986029,18 Jun 2021,13228,Nigma,Win,2586976
6047897871,18 Jun 2021,13228,Nigma,Loss,2586976
6046389369,17 Jun 2021,13228,Team Liquid,Win,2586976
6046275234,17 Jun 2021,13228,Team Liquid,Win,2586976
6045126712,16 Jun 2021,13228,Virtus.pro,Loss,2586976
6045055332,16 Jun 2021,13228,Virtus.pro,Loss,2586976
6044632445,16 Jun 2021,13228,AS Monaco Gambit,Win,2586976
6044531562,16 Jun 2021,13228,AS Monaco Gambit,Win,2586976
6005981903,22 May 2021,13114,Tundra Esports,Loss,2586976
6005839959,22 May 2021,13114,Brame,Win,2586976
6001749365,19 May 2021,13114,Team Liquid,Loss,2586976
6001641183,19 May 2021,13114,Team Liquid,Loss,2586976
5995964488,15 May 2021,13114,Nigma,Loss,2586976
5995886472,15 May 2021,13114,Nigma,Loss,2586976
5985258195,08 May 2021,13114,Team Secret,Win,2586976
5985167982,08 May 2021,13114,Team Secret,Win,2586976
5978965744,04 May 2021,13114,Tundra Esports,Loss,2586976
5978862336,04 May 2021,13114,Tundra Esports,Loss,2586976
5978762283,04 May 2021,13114,Tundra Esports,Win,2586976
5968044234,27 Apr 2021,13114,Hellbear Smashers,Win,2586976
5967997371,27 Apr 2021,13114,Hellbear Smashers,Loss,2586976
5967926053,27 Apr 2021,13114,Hellbear Smashers,Win,2586976
5944199121,13 Apr 2021,13114,Brame,Win,2586976
5944125361,13 Apr 2021,13114,Brame,Win,2586976
5861055583,28 Feb 2021,12720,Tundra Esports,Win,2586976
5860951805,28 Feb 2021,12720,Team Liquid,Loss,2586976
5860630878,28 Feb 2021,12720,Tundra Esports,Win,2586976
5860511858,28 Feb 2021,12720,Team Liquid,Loss,2586976
5854237705,24 Feb 2021,12720,Team Secret,Loss,2586976
5854160306,24 Feb 2021,12720,Team Secret,Win,2586976
5854079003,24 Feb 2021,12720,Team Secret,Loss,2586976
5847186898,20 Feb 2021,12720,Team Liquid,Loss,2586976
5847122174,20 Feb 2021,12720,Team Liquid,Loss,2586976
5847010346,20 Feb 2021,12720,Team Liquid,Win,2586976
5833683222,13 Feb 2021,12720,ViKin.gg,Loss,2586976
5833592036,13 Feb 2021,12720,ViKin.gg,Win,2586976
5833423026,13 Feb 2021,12720,ViKin.gg,Loss,2586976
5825977682,09 Feb 2021,12720,Nigma,Win,2586976
5825910737,09 Feb 2021,12720,Nigma,Win,2586976
5825823364,09 Feb 2021,12720,Nigma,Loss,2586976
5804526251,26 Jan 2021,12720,mudgolems,Win,2586976
5804468969,26 Jan 2021,12720,mudgolems,Loss,2586976
5804408674,26 Jan 2021,12720,mudgolems,Win,2586976
5799730348,23 Jan 2021,12720,Chicken Fighters,Win,2586976
5799639014,23 Jan 2021,12720,Chicken Fighters,Loss,2586976
5747650660,18 Dec 2020,12621,Natus Vincere,Loss,2586976
5747573473,18 Dec 2020,12621,Natus Vincere,Loss,2586976
5747460619,18 Dec 2020,12621,Natus Vincere,Loss,2586976
5746294040,17 Dec 2020,12621,Natus Vincere,Win,2586976
5746236454,17 Dec 2020,12621,Natus Vincere,Win,2586976
5746168291,17 Dec 2020,12621,Natus Vincere,Loss,2586976
5744888933,16 Dec 2020,12621,Nigma,Win,2586976
5744828081,16 Dec 2020,12621,Nigma,Win,2586976
5744723040,16 Dec 2020,12621,Nigma,Loss,2586976
5743749910,15 Dec 2020,12621,Virtus.pro,Win,2586976
5743676597,15 Dec 2020,12621,Virtus.pro,Win,2586976
5743606266,15 Dec 2020,12621,Virtus.pro,Loss,2586976
5741450550,13 Dec 2020,12548,Virtus.pro,Loss,2586976
5741395474,13 Dec 2020,12548,Virtus.pro,Loss,2586976
5741350591,13 Dec 2020,12548,Virtus.pro,Win,2586976
5741276508,13 Dec 2020,12548,Virtus.pro,Win,2586976
5741196339,13 Dec 2020,12548,Virtus.pro,Loss,2586976
5739850226,12 Dec 2020,12548,ViKin.gg,Win,2586976
5739768507,12 Dec 2020,12548,ViKin.gg,Win,2586976
5739703063,12 Dec 2020,12548,ViKin.gg,Win,2586976
5738304060,11 Dec 2020,12548,Team Liquid,Win,2586976
5738227338,11 Dec 2020,12548,Team Liquid,Win,2586976
5738152882,11 Dec 2020,12548,Team Liquid,Loss,2586976
5737164359,10 Dec 2020,12548,Natus Vincere,Win,2586976
5737101375,10 Dec 2020,12548,Natus Vincere,Win,2586976
5734670217,08 Dec 2020,12548,Yellow Submarine,Win,2586976
5734616845,08 Dec 2020,12548,Yellow Submarine,Win,2586976
5733168819,07 Dec 2020,12548,Live to Win,Win,2586976
5733101899,07 Dec 2020,12548,Live to Win,Win,2586976
6174888284,10 Sep 2021,13503,Team Spirit,Win,15
6174804811,10 Sep 2021,13503,Team Spirit,Win,15
6174712950,10 Sep 2021,13503,Team Spirit,Win,15
6174622195,10 Sep 2021,13503,Team Spirit,Loss,15
6171980397,08 Sep 2021,13503,Tundra Esports,Win,15
6171891378,08 Sep 2021,13503,Tundra Esports,Win,15
6170284378,07 Sep 2021,13503,T1,Win,15
6170221606,07 Sep 2021,13503,T1,Win,15
6170157369,07 Sep 2021,13503,T1,Loss,15
6168983552,06 Sep 2021,13503,Undying,Win,15
6168910510,06 Sep 2021,13503,Undying,Win,15
6168849197,06 Sep 2021,13503,Undying,Loss,15
6158170178,29 Aug 2021,13404,Tundra Esports,Loss,15
6158081326,29 Aug 2021,13404,Tundra Esports,Loss,15
6158010330,29 Aug 2021,13404,Tundra Esports,Win,15
6157905423,29 Aug 2021,13404,Tundra Esports,Win,15
6157810302,29 Aug 2021,13404,Tundra Esports,Loss,15
6157638906,29 Aug 2021,13404,Virtus.pro,Win,15
6157557980,29 Aug 2021,13404,Virtus.pro,Loss,15
6157433167,29 Aug 2021,13404,Virtus.pro,Win,15
6156510875,28 Aug 2021,13404,T1,Win,15
6156443804,28 Aug 2021,13404,T1,Loss,15
6156352752,28 Aug 2021,13404,T1,Win,15
6154941567,27 Aug 2021,13404,Team Spirit,Win,15
6154881115,27 Aug 2021,13404,Team Spirit,Loss,15
6154786603,27 Aug 2021,13404,Team Spirit,Win,15
6153361873,26 Aug 2021,13404,Virtus.pro,Loss,15
6153272077,26 Aug 2021,13404,Virtus.pro,Loss,15
6150377233,24 Aug 2021,13404,SG esports,Win,15
6150272426,24 Aug 2021,13404,SG esports,Win,15
6148933083,23 Aug 2021,13404,Team Liquid,Win,15
6148850390,23 Aug 2021,13404,Team Liquid,Win,15
6147689088,22 Aug 2021,13404,Team Empire,Loss,15
6147594084,22 Aug 2021,13404,Team Empire,Win,15
6147274338,22 Aug 2021,13404,beastcoast,Loss,15
6147123665,22 Aug 2021,13404,beastcoast,Loss,15
6133329534,13 Aug 2021,13403,Vici Gaming,Win,15
6133256006,13 Aug 2021,13403,Vici Gaming,Win,15
6133148591,13 Aug 2021,13403,Vici Gaming,Loss,15
6130260292,11 Aug 2021,13403,Royal Never Give Up,Loss,15
6130182512,11 Aug 2021,13403,Royal Never Give Up,Loss,15
6127192495,09 Aug 2021,13403,Aster.Aries,Win,15
6127114359,09 Aug 2021,13403,Aster.Aries,Win,15
6124536125,07 Aug 2021,13403,Vici Gaming,Win,15
6124438185,07 Aug 2021,13403,Vici Gaming,Win,15
6124318998,07 Aug 2021,13403,Vici Gaming,Loss,15
6101490646,23 Jul 2021,13420,Royal Never Give Up,Loss,15
6101435580,23 Jul 2021,13420,Royal Never Give Up,Loss,15
6100163034,22 Jul 2021,13420,EHOME,Win,15
6100062125,22 Jul 2021,13420,EHOME,Win,15
6039119756,12 Jun 2021,12964,T1,Win,15
6039044857,12 Jun 2021,12964,T1,Loss,15
6038968530,12 Jun 2021,12964,T1,Win,15
6037335318,11 Jun 2021,12964,Nigma,Win,15
6037257217,11 Jun 2021,12964,Nigma,Loss,15
6037154028,11 Jun 2021,12964,Nigma,Win,15
6030936024,07 Jun 2021,12964,Vici Gaming,Loss,15
6030875673,07 Jun 2021,12964,Vici Gaming,Win,15
6029513317,06 Jun 2021,12964,TNC Predator,Win,15
6029399411,06 Jun 2021,12964,TNC Predator,Win,15
6028456376,05 Jun 2021,12964,Team Liquid,Win,15
6028370071,05 Jun 2021,12964,Team Liquid,Win,15
6028212151,05 Jun 2021,12964,Team Spirit,Loss,15
6028105868,05 Jun 2021,12964,Team Spirit,Win,15
6026564858,04 Jun 2021,12964,Nigma,Win,15
6026470153,04 Jun 2021,12964,Nigma,Loss,15
6026361127,04 Jun 2021,12964,beastcoast,Win,15
6026219483,04 Jun 2021,12964,beastcoast,Win,15
6007589744,23 May 2021,13112,Vici Gaming,Win,15
6007490054,23 May 2021,13112,Vici Gaming,Win,15
6007393606,23 May 2021,13112,Vici Gaming,Loss,15
6003863417,21 May 2021,12929,Royal Never Give Up,Loss,15
6003817025,21 May 2021,12929,Royal Never Give Up,Loss,15
6003778702,21 May 2021,12929,Royal Never Give Up,Win,15
6001076735,19 May 2021,12929,Royal Never Give Up,Win,15
6001026954,19 May 2021,12929,Royal Never Give Up,Win,15
5999791689,18 May 2021,13112,Royal Never Give Up,Win,15
5999726166,18 May 2021,13112,Royal Never Give Up,Win,15
6047788894,18 Jun 2021,13228,T1,Loss,7390454
6047661988,18 Jun 2021,13228,T1,Loss,7390454
6046161478,17 Jun 2021,13228,Tundra Esports,Win,7390454
6046061195,17 Jun 2021,13228,Tundra Esports,Win,7390454
6045945212,17 Jun 2021,13228,Tundra Esports,Loss,7390454
6038489826,12 Jun 2021,12964,Vici Gaming,Loss,7390454
6038381308,12 Jun 2021,12964,Vici Gaming,Loss,7390454
6038301641,12 Jun 2021,12964,Vici Gaming,Win,7390454
6037565900,12 Jun 2021,12964,T1,Loss,7390454
6037504112,11 Jun 2021,12964,T1,Loss,7390454
6037420834,11 Jun 2021,12964,T1,Win,7390454
6034561846,09 Jun 2021,12964,NoPing Esports,Win,7390454
6034484929,09 Jun 2021,12964,NoPing Esports,Loss,7390454
6034417665,09 Jun 2021,12964,NoPing Esports,Win,7390454
6003543228,21 May 2021,13119,Undying,Win,7390454
6003509131,21 May 2021,13119,Undying,Loss,7390454
6003470840,21 May 2021,13119,Undying,Win,7390454
5992892504,14 May 2021,13119,sadboys,Win,7390454
5992854496,14 May 2021,13119,sadboys,Win,7390454
5982097899,06 May 2021,13119,4 Zoomers,Win,7390454
5982021923,06 May 2021,13119,4 Zoomers,Win,7390454
5975734656,02 May 2021,13119,The Cut,Win,7390454
5975673850,02 May 2021,13119,The Cut,Win,7390454
5959803709,22 Apr 2021,13119,Black N Yellow,Win,7390454
5959691980,22 Apr 2021,13119,Black N Yellow,Win,7390454
5953339837,19 Apr 2021,13119,Simply TOOBASED,Win,7390454
5953291041,19 Apr 2021,13119,Simply TOOBASED,Win,7390454
5921084683,01 Apr 2021,12906,Virtus.pro,Loss,7390454
5920993291,01 Apr 2021,12906,Virtus.pro,Loss,7390454
5920889352,01 Apr 2021,12906,Virtus.pro,Win,7390454
5917363866,30 Mar 2021,12906,PSG.LGD,Loss,7390454
5917291951,30 Mar 2021,12906,PSG.LGD,Loss,7390454
5917058918,30 Mar 2021,12906,Team Aster,Win,7390454
5916999615,30 Mar 2021,12906,Team Aster,Win,7390454
5915613886,29 Mar 2021,12906,Thunder Predator,Loss,7390454
5915536193,29 Mar 2021,12906,Thunder Predator,Loss,7390454
5915448730,29 Mar 2021,12906,Team Liquid,Win,7390454
5915342620,29 Mar 2021,12906,Team Liquid,Loss,7390454
5915287855,29 Mar 2021,12906,OB.Neon,Win,7390454
5915209811,29 Mar 2021,12906,OB.Neon,Win,7390454
5915136220,29 Mar 2021,12906,Vici Gaming,Loss,7390454
5915090628,29 Mar 2021,12906,Vici Gaming,Win,7390454
5861534229,28 Feb 2021,12735,Undying,Win,7390454
5856145780,26 Feb 2021,12735,Undying,Loss,7390454
5856107770,26 Feb 2021,12735,Undying,Win,7390454
5856069533,26 Feb 2021,12735,Undying,Loss,7390454
5849314943,21 Feb 2021,12735,sadboys,Win,7390454
5849245373,21 Feb 2021,12735,sadboys,Win,7390454
5836017433,15 Feb 2021,12735,Black N Yellow,Win,7390454
5835975250,15 Feb 2021,12735,Black N Yellow,Loss,7390454
5835940571,14 Feb 2021,12735,Black N Yellow,Win,7390454
5818233593,05 Feb 2021,12735,A-Team,Win,7390454
5818200829,05 Feb 2021,12735,A-Team,Win,7390454
5812572468,31 Jan 2021,12735,4 Zoomers,Win,7390454
5812490581,31 Jan 2021,12735,4 Zoomers,Win,7390454
5801591894,25 Jan 2021,12735,5ManMidas,Win,7390454
5801556201,25 Jan 2021,12735,5ManMidas,Win,7390454
5732309801,07 Dec 2020,12531,Infamous Gaming,Win,7390454
5732272666,07 Dec 2020,12531,Infamous Gaming,Win,7390454
5732244750,07 Dec 2020,12531,Infamous Gaming,Loss,7390454
5732205492,07 Dec 2020,12531,Infamous Gaming,Win,7390454
5730786641,06 Dec 2020,12531,Infamous Gaming,Win,7390454
5730757756,06 Dec 2020,12531,Infamous Gaming,Loss,7390454
5730717243,06 Dec 2020,12531,Infamous Gaming,Win,7390454
5727896349,04 Dec 2020,12531,Ωmega Gaming,Win,7390454
5727858148,04 Dec 2020,12531,Ωmega Gaming,Win,7390454
5725337372,02 Dec 2020,12531,Unknown Team,Win,7390454
5725303321,02 Dec 2020,12531,Unknown Team,Win,7390454
5724041754,01 Dec 2020,12531,egoboys,Win,7390454
5724011309,01 Dec 2020,12531,egoboys,Win,7390454
5721050116,28 Nov 2020,12531,4Fun,Win,7390454
5720972262,28 Nov 2020,12531,4Fun,Win,7390454
5715453090,25 Nov 2020,12531,Infamous Gaming,Win,7390454
5715413632,25 Nov 2020,12531,Infamous Gaming,Loss,7390454
5713999332,24 Nov 2020,12531,TEAM BRASIL,Win,7390454
5713968762,24 Nov 2020,12531,TEAM BRASIL,Win,7390454
5711100601,22 Nov 2020,12531,Midas Club,Win,7390454
5711041451,21 Nov 2020,12531,Midas Club,Loss,7390454
5709638610,21 Nov 2020,12531,beastcoast,Win,7390454
5709591216,21 Nov 2020,12531,beastcoast,Win,7390454
5708224962,20 Nov 2020,12531,Thunder Predator,Win,7390454
5705720199,18 Nov 2020,12531,Ωmega Gaming,Loss,7390454
5705667994,18 Nov 2020,12531,Ωmega Gaming,Loss,7390454
5704416349,17 Nov 2020,12531,4 Zoomers,Loss,7390454
5704375205,17 Nov 2020,12531,4 Zoomers,Loss,7390454
5703085841,16 Nov 2020,12531,Infinity,Win,7390454
5703049331,16 Nov 2020,12531,Infinity,Win,7390454
5693445808,09 Nov 2020,12532,4Fun,Loss,7390454
5693409453,09 Nov 2020,12532,4Fun,Win,7390454
6171801458,08 Sep 2021,13503,T1,Loss,8255756
6171708953,08 Sep 2021,13503,T1,Win,8255756
6171624395,08 Sep 2021,13503,T1,Loss,8255756
6170984276,07 Sep 2021,13503,Thunder Predator,Win,8255756
6170918883,07 Sep 2021,13503,Thunder Predator,Win,8255756
6169661277,06 Sep 2021,13503,Tundra Esports,Loss,8255756
6169613197,06 Sep 2021,13503,Tundra Esports,Loss,8255756
6149120811,23 Aug 2021,13404,Team Empire,Loss,8255756
6149023944,23 Aug 2021,13404,Team Empire,Win,8255756
6148723970,23 Aug 2021,13404,beastcoast,Loss,8255756
6148592556,23 Aug 2021,13404,beastcoast,Loss,8255756
6145838667,21 Aug 2021,13404,Team Liquid,Loss,8255756
6145700429,21 Aug 2021,13404,Team Liquid,Win,8255756
6060911977,27 Jun 2021,13256,Unknown Team,Win,8255756
6060853707,27 Jun 2021,13256,Unknown Team,Win,8255756
6060800152,27 Jun 2021,13256,Unknown Team,Win,8255756
6060728395,26 Jun 2021,13256,Unknown Team,Loss,8255756
6058842112,25 Jun 2021,13256,Infinity,Win,8255756
6058770520,25 Jun 2021,13256,Infinity,Win,8255756
6057304856,24 Jun 2021,13256,EGOBOYS,Win,8255756
6057256535,24 Jun 2021,13256,EGOBOYS,Win,8255756
6055922132,24 Jun 2021,13256,BINOMISTAS,Win,8255756
6055874096,24 Jun 2021,13256,BINOMISTAS,Loss,8255756
6055832598,24 Jun 2021,13256,BINOMISTAS,Win,8255756
6002129116,20 May 2021,13109,Unknown Team,Win,8255756
6002092367,20 May 2021,13109,Unknown Team,Win,8255756
6002056078,20 May 2021,13109,Unknown Team,Loss,8255756
5994422624,15 May 2021,13109,beastcoast,Loss,8255756
5994368950,15 May 2021,13109,beastcoast,Loss,8255756
5983792637,08 May 2021,13109,Hokori,Loss,8255756
5983747811,08 May 2021,13109,Hokori,Win,8255756
5983694100,08 May 2021,13109,Hokori,Loss,8255756
5974214140,02 May 2021,13109,Infinity,Win,8255756
5974158356,02 May 2021,13109,Infinity,Win,8255756
5969413473,28 Apr 2021,13109,Infamous Gaming,Loss,8255756
5969336599,28 Apr 2021,13109,Infamous Gaming,Loss,8255756
5963394044,25 Apr 2021,13109,Thunder Predator,Loss,8255756
5963351983,25 Apr 2021,13109,Thunder Predator,Loss,8255756
5963285441,25 Apr 2021,13109,Thunder Predator,Win,8255756
5945919260,15 Apr 2021,13109,NoPing Esports,Loss,8255756
5945874450,15 Apr 2021,13109,NoPing Esports,Loss,8255756
5896685571,19 Mar 2021,11863,PentAce,Loss,8255756
5896635696,19 Mar 2021,11863,PentAce,Win,8255756
5896550936,19 Mar 2021,11863,PentAce,Loss,8255756
5894817379,18 Mar 2021,11863,Undying,Loss,8255756
5894739776,18 Mar 2021,11863,Undying,Loss,8255756
5887759167,15 Mar 2021,11863,PentAce,Loss,8255756
5887695933,14 Mar 2021,11863,PentAce,Win,8255756
5885588746,14 Mar 2021,11863,4 Zoomers,Win,8255756
5885541348,13 Mar 2021,11863,4 Zoomers,Win,8255756
5883372564,13 Mar 2021,11863,5ManMidas,Loss,8255756
5883327459,13 Mar 2021,11863,5ManMidas,Win,8255756
5879619262,11 Mar 2021,11863,Arkosh Gaming,Win,8255756
5879567102,11 Mar 2021,11863,Arkosh Gaming,Win,8255756
5877738771,10 Mar 2021,11863,Infamous Gaming,Win,8255756
5877695944,10 Mar 2021,11863,Infamous Gaming,Loss,8255756
5866187036,04 Mar 2021,11863,The Cut,Win,8255756
5866155327,04 Mar 2021,11863,The Cut,Loss,8255756
5864671025,03 Mar 2021,11863,Latam Defenders,Win,8255756
5864634758,03 Mar 2021,11863,Latam Defenders,Loss,8255756
5857647438,26 Feb 2021,12727,beastcoast,Loss,8255756
5857562888,26 Feb 2021,12727,beastcoast,Loss,8255756
5847543545,21 Feb 2021,12727,Unknown Team,Win,8255756
5847509165,21 Feb 2021,12727,Unknown Team,Win,8255756
5847439601,21 Feb 2021,12727,Unknown Team,Loss,8255756
5831929899,13 Feb 2021,12727,EGOBOYS,Loss,8255756
5831866022,13 Feb 2021,12727,EGOBOYS,Loss,8255756
5821241208,07 Feb 2021,12727,Latam Defenders,Win,8255756
5821204415,07 Feb 2021,12727,Latam Defenders,Win,8255756
5816756494,03 Feb 2021,12727,Infamous Gaming,Win,8255756
5816689093,03 Feb 2021,12727,Infamous Gaming,Win,8255756
5810803991,31 Jan 2021,12727,Thunder Predator,Loss,8255756
5810753208,31 Jan 2021,12727,Thunder Predator,Loss,8255756
5795647667,21 Jan 2021,12727,NoPing Esports,Win,8255756
5795605045,21 Jan 2021,12727,NoPing Esports,Loss,8255756
5795568045,21 Jan 2021,12727,NoPing Esports,Win,8255756
6046399362,17 Jun 2021,13228,Nigma,Loss,1838315
6046319155,17 Jun 2021,13228,Nigma,Loss,1838315
6046220760,17 Jun 2021,13228,Nigma,Win,1838315
6025172903,03 Jun 2021,12964,Nigma,Win,1838315
6024951129,03 Jun 2021,12964,Nigma,Loss,1838315
6024633154,03 Jun 2021,12964,Execration,Win,1838315
6024552204,03 Jun 2021,12964,Execration,Loss,1838315
6023673163,02 Jun 2021,12964,Vici Gaming,Loss,1838315
6023556932,02 Jun 2021,12964,Vici Gaming,Win,1838315
6023211594,02 Jun 2021,12964,AS Monaco Gambit,Loss,1838315
6023110186,02 Jun 2021,12964,AS Monaco Gambit,Win,1838315
6000412388,18 May 2021,13114,Brame,Win,1838315
6000317111,18 May 2021,13114,Brame,Win,1838315
5991147743,12 May 2021,13114,Team Liquid,Win,1838315
5991067208,12 May 2021,13114,Team Liquid,Win,1838315
5990966909,12 May 2021,13114,Team Liquid,Loss,1838315
5963045891,24 Apr 2021,13114,Tundra Esports,Win,1838315
5962951114,24 Apr 2021,13114,Tundra Esports,Loss,1838315
5962849721,24 Apr 2021,13114,Tundra Esports,Win,1838315
5956332452,20 Apr 2021,13114,Hellbear Smashers,Win,1838315
5956236107,20 Apr 2021,13114,Hellbear Smashers,Loss,1838315
5956139947,20 Apr 2021,13114,Hellbear Smashers,Win,1838315
5951142664,17 Apr 2021,13114,Nigma,Loss,1838315
5951040787,17 Apr 2021,13114,Nigma,Loss,1838315
5925119996,03 Apr 2021,12906,INVICTUS GAMING,Loss,1838315
5924956181,03 Apr 2021,12906,INVICTUS GAMING,Loss,1838315
5924231037,03 Apr 2021,12906,OB.Neon,Win,1838315
5924160626,03 Apr 2021,12906,OB.Neon,Loss,1838315
5924068428,03 Apr 2021,12906,OB.Neon,Win,1838315
5922438740,02 Apr 2021,12906,PSG.LGD,Loss,1838315
5922379061,02 Apr 2021,12906,PSG.LGD,Win,1838315
5922293044,02 Apr 2021,12906,PSG.LGD,Loss,1838315
5919165162,31 Mar 2021,12906,Thunder Predator,Win,1838315
5919074158,31 Mar 2021,12906,Thunder Predator,Win,1838315
5839832812,16 Feb 2021,12720,high coast,Win,1838315
5839760934,16 Feb 2021,12720,high coast,Win,1838315
5821187099,06 Feb 2021,12720,Team Liquid,Win,1838315
5821108381,06 Feb 2021,12720,Team Liquid,Win,1838315
5816597618,03 Feb 2021,12720,Nigma,Win,1838315
5816503463,03 Feb 2021,12720,Nigma,Win,1838315
5810399234,30 Jan 2021,12720,ViKin.gg,Win,1838315
5810290197,30 Jan 2021,12720,ViKin.gg,Win,1838315
5794301208,20 Jan 2021,12720,mudgolems,Win,1838315
5794208867,19 Jan 2021,12720,mudgolems,Loss,1838315
5794157876,19 Jan 2021,12720,mudgolems,Win,1838315
5736994258,10 Dec 2020,12548,Team Liquid,Loss,1838315
5736907272,10 Dec 2020,12548,Team Liquid,Loss,1838315
5735760986,09 Dec 2020,12548,Virtus.pro,Loss,1838315
5735682801,09 Dec 2020,12548,Virtus.pro,Loss,1838315
5732042559,06 Dec 2020,12548,Nigma,Win,1838315
5731892503,06 Dec 2020,12548,Team Liquid,Win,1838315
5731696332,06 Dec 2020,12548,Nigma,Win,1838315
5730323398,05 Dec 2020,12548,Natus Vincere,Loss,1838315
5730199396,05 Dec 2020,12548,Natus Vincere,Loss,1838315
5727737175,03 Dec 2020,12548,Virtus.pro,Loss,1838315
5727679934,03 Dec 2020,12548,Virtus.pro,Loss,1838315
5722670839,29 Nov 2020,12548,Alliance,Win,1838315
5722603859,29 Nov 2020,12548,Alliance,Win,1838315
5722550436,29 Nov 2020,12548,Alliance,Loss,1838315
5721059871,28 Nov 2020,12548,Nigma,Win,1838315
5720991949,28 Nov 2020,12548,Nigma,Win,1838315
5718100700,26 Nov 2020,12548,OG,Loss,1838315
5718045399,26 Nov 2020,12548,OG,Loss,1838315
5710916467,21 Nov 2020,12548,Just-_-Error,Win,1838315
5710841746,21 Nov 2020,12548,Just-_-Error,Win,1838315
5709373359,20 Nov 2020,12548,Team Liquid,Win,1838315
5709297134,20 Nov 2020,12548,Team Liquid,Win,1838315
5701110699,14 Nov 2020,12548,ViKin.gg,Loss,1838315
5701003534,14 Nov 2020,12548,ViKin.gg,Loss,1838315
5699755725,13 Nov 2020,12548,mudgolems,Win,1838315
5699651124,13 Nov 2020,12548,mudgolems,Loss,1838315
5699563205,13 Nov 2020,12548,mudgolems,Win,1838315
5678917339,30 Oct 2020,12436,Team Liquid,Loss,1838315
5678767892,30 Oct 2020,12436,Team Liquid,Loss,1838315
5677272676,29 Oct 2020,12436,Alliance,Win,1838315
5677173155,29 Oct 2020,12436,Alliance,Win,1838315
5675969871,28 Oct 2020,12436,mudgolems,Loss,1838315
5675840157,28 Oct 2020,12436,mudgolems,Loss,1838315
5669141870,23 Oct 2020,12436,Nigma,Win,1838315
5669083367,23 Oct 2020,12436,Nigma,Win,1838315
5669000737,23 Oct 2020,12436,Nigma,Loss,1838315
5658135140,15 Oct 2020,12436,Team Liquid,Win,1838315
5658051669,15 Oct 2020,12436,Team Liquid,Win,1838315
5651527300,10 Oct 2020,12436,Yellow Submarine,Win,1838315
5651445432,10 Oct 2020,12436,Yellow Submarine,Win,1838315
6172154984,08 Sep 2021,13503,Team Spirit,Loss,8214850
6172054123,08 Sep 2021,13503,Team Spirit,Loss,8214850
6169342597,06 Sep 2021,13503,Team Spirit,Win,8214850
6169213827,06 Sep 2021,13503,Team Spirit,Loss,8214850
6169097127,06 Sep 2021,13503,Team Spirit,Win,8214850
6155875492,28 Aug 2021,13404,beastcoast,Win,8214850
6155765447,28 Aug 2021,13404,beastcoast,Win,8214850
6150588640,24 Aug 2021,13404,Virtus.pro,Loss,8214850
6150477633,24 Aug 2021,13404,Virtus.pro,Loss,8214850
6147487920,22 Aug 2021,13404,Thunder Predator,Win,8214850
6147384679,22 Aug 2021,13404,Thunder Predator,Win,8214850
6147009140,22 Aug 2021,13404,CREEPWAVE,Win,8214850
6146906481,22 Aug 2021,13404,CREEPWAVE,Win,8214850
6146007915,21 Aug 2021,13404,Tundra Esports,Loss,8214850
6145926146,21 Aug 2021,13404,Tundra Esports,Loss,8214850
6145324743,21 Aug 2021,13404,Team Spirit,Loss,8214850
6145224414,21 Aug 2021,13404,Team Spirit,Loss,8214850
6134626402,14 Aug 2021,13409,Team SMG,Loss,8214850
6134551467,14 Aug 2021,13409,Team SMG,Loss,8214850
6133208278,13 Aug 2021,13409,Motivate.Trust Gaming,Win,8214850
6133116802,13 Aug 2021,13409,Motivate.Trust Gaming,Loss,8214850
6133050474,13 Aug 2021,13409,Motivate.Trust Gaming,Win,8214850
6131748453,12 Aug 2021,13409,Galaxy Racer Esports,Loss,8214850
6131659770,12 Aug 2021,13409,Galaxy Racer Esports,Win,8214850
6131594092,12 Aug 2021,13409,Galaxy Racer Esports,Loss,8214850
6125938996,08 Aug 2021,13409,OB.Neon,Win,8214850
6125842419,08 Aug 2021,13409,OB.Neon,Win,8214850
6124132351,07 Aug 2021,13409,Army Geniuses,Win,8214850
6124057679,07 Aug 2021,13409,Army Geniuses,Win,8214850
6120047297,04 Aug 2021,13409,Execration,Win,8214850
6119940170,04 Aug 2021,13409,Execration,Loss,8214850
6119831000,04 Aug 2021,13409,Team SMG,Win,8214850
6119748026,04 Aug 2021,13409,Team SMG,Loss,8214850
6118315164,03 Aug 2021,13409,Motivate.Trust Gaming,Loss,8214850
6118243606,03 Aug 2021,13409,Motivate.Trust Gaming,Loss,8214850
6116614502,02 Aug 2021,13409,Galaxy Racer Esports,Loss,8214850
6116561649,02 Aug 2021,13409,Galaxy Racer Esports,Loss,8214850
6051279227,20 Jun 2021,13228,Virtus.pro,Win,8214850
6051198824,20 Jun 2021,13228,Virtus.pro,Win,8214850
6051126706,20 Jun 2021,13228,Virtus.pro,Loss,8214850
6051032596,20 Jun 2021,13228,Virtus.pro,Loss,8214850
6050937230,20 Jun 2021,13228,Virtus.pro,Win,8214850
6049437221,19 Jun 2021,13228,Virtus.pro,Loss,8214850
6049360832,19 Jun 2021,13228,Virtus.pro,Loss,8214850
6049229017,19 Jun 2021,13228,Virtus.pro,Win,8214850
6046047547,17 Jun 2021,13228,ViKin.gg,Win,8214850
6045945211,17 Jun 2021,13228,ViKin.gg,Win,8214850
6005647725,22 May 2021,13108,TNC Predator,Win,8214850
6005564246,22 May 2021,13108,TNC Predator,Win,8214850
6002733232,20 May 2021,13108,OB.Neon,Win,8214850
6002632681,20 May 2021,13108,OB.Neon,Win,8214850
6002559757,20 May 2021,13108,OB.Neon,Loss,8214850
5984234649,08 May 2021,13108,Execration,Win,8214850
5984172143,08 May 2021,13108,Execration,Loss,8214850
5984109739,08 May 2021,13108,Execration,Win,8214850
5973371562,01 May 2021,13108,TNC Predator,Win,8214850
5973281999,01 May 2021,13108,TNC Predator,Win,8214850
5973196588,01 May 2021,13108,TNC Predator,Loss,8214850
5970211087,29 Apr 2021,13108,BOOM Esports,Loss,8214850
5970111896,29 Apr 2021,13108,BOOM Esports,Win,8214850
5970035618,29 Apr 2021,13108,BOOM Esports,Loss,8214850
5962370252,24 Apr 2021,13108,Lilgun,Win,8214850
5962260179,24 Apr 2021,13108,Lilgun,Win,8214850
5950274168,17 Apr 2021,13108,Ωmega Esports,Loss,8214850
5950153017,17 Apr 2021,13108,Ωmega Esports,Win,8214850
5950037054,17 Apr 2021,13108,Ωmega Esports,Loss,8214850
5913415296,28 Mar 2021,12906,PSG.LGD,Loss,8214850
5913299413,28 Mar 2021,12906,PSG.LGD,Loss,8214850
5913209921,28 Mar 2021,12906,Nigma,Win,8214850
6173366796,09 Sep 2021,13503,Tundra Esports,Win,7119388
6173246264,09 Sep 2021,13503,Tundra Esports,Win,7119388
6170849397,07 Sep 2021,13503,Undying,Win,7119388
6170759302,07 Sep 2021,13503,Undying,Win,7119388
6170660632,07 Sep 2021,13503,Undying,Loss,7119388
6153147424,26 Aug 2021,13404,Team Empire,Win,7119388
6153016177,26 Aug 2021,13404,Team Empire,Win,7119388
6150559260,24 Aug 2021,13404,Thunder Predator,Win,7119388
6150473355,24 Aug 2021,13404,Thunder Predator,Win,7119388
6148949678,23 Aug 2021,13404,CREEPWAVE,Win,7119388
6148833675,23 Aug 2021,13404,CREEPWAVE,Win,7119388
6147522882,22 Aug 2021,13404,Tundra Esports,Loss,7119388
6147410481,22 Aug 2021,13404,Tundra Esports,Loss,7119388
6145800049,21 Aug 2021,13404,Virtus.pro,Loss,7119388
6145699338,21 Aug 2021,13404,Virtus.pro,Loss,7119388
6126777883,09 Aug 2021,13379,Hellbear Smashers,Win,7119388
6126723290,08 Aug 2021,13379,Hellbear Smashers,Win,7119388
6126641848,08 Aug 2021,13379,Hellbear Smashers,Win,7119388
6126559805,08 Aug 2021,13379,Hellbear Smashers,Loss,7119388
6124901372,07 Aug 2021,13379,Team Unique,Win,7119388
6124806275,07 Aug 2021,13379,Team Unique,Win,7119388
6121664243,05 Aug 2021,13379,Hellbear Smashers,Win,7119388
6121564216,05 Aug 2021,13379,Hellbear Smashers,Win,7119388
6121456750,05 Aug 2021,13379,Hellbear Smashers,Loss,7119388
6119901330,04 Aug 2021,13379,PuckChamp,Win,7119388
6119815192,04 Aug 2021,13379,PuckChamp,Win,7119388
6060523770,26 Jun 2021,13256,Team Empire,Win,7119388
6060426279,26 Jun 2021,13256,Team Empire,Win,7119388
6060281684,26 Jun 2021,13256,Team Empire,Loss,7119388
6060129110,26 Jun 2021,13256,Team Empire,Loss,7119388
6059988105,26 Jun 2021,13256,Team Empire,Win,7119388
6058592191,25 Jun 2021,13256,HellRaisers,Win,7119388
6058468809,25 Jun 2021,13256,HellRaisers,Win,7119388
6058324141,25 Jun 2021,13256,HellRaisers,Loss,7119388
6057150378,24 Jun 2021,13256,PuckChamp,Win,7119388
6057040170,24 Jun 2021,13256,PuckChamp,Win,7119388
6054789053,23 Jun 2021,13256,Winstrike Team,Win,7119388
6054721399,23 Jun 2021,13256,Winstrike Team,Win,7119388
6036636251,11 Jun 2021,12964,Vici Gaming,Loss,7119388
6036563229,11 Jun 2021,12964,Vici Gaming,Loss,7119388
6031683231,07 Jun 2021,12964,Team Liquid,Win,7119388
6031206365,07 Jun 2021,12964,TNC Predator,Win,7119388
6031046560,07 Jun 2021,12964,TNC Predator,Loss,7119388
6030174579,06 Jun 2021,12964,Team Liquid,Loss,7119388
6030085156,06 Jun 2021,12964,Team Liquid,Loss,7119388
6029913487,06 Jun 2021,12964,beastcoast,Win,7119388
6029795129,06 Jun 2021,12964,beastcoast,Loss,7119388
6027769248,05 Jun 2021,12964,Vici Gaming,Win,7119388
6027661945,05 Jun 2021,12964,Vici Gaming,Loss,7119388
6026755074,04 Jun 2021,12964,Nigma,Loss,7119388
6026660506,04 Jun 2021,12964,Nigma,Loss,7119388
6022190810,01 Jun 2021,13150,Winstrike Team,Win,7119388
6022084177,01 Jun 2021,13150,Winstrike Team,Win,7119388
6021992480,01 Jun 2021,13150,Winstrike Team,Loss,7119388
6021863942,01 Jun 2021,13150,Winstrike Team,Win,7119388
6021740557,01 Jun 2021,13150,Winstrike Team,Loss,7119388
6020721562,31 May 2021,13150,ViKin.gg,Win,7119388
6020619865,31 May 2021,13150,ViKin.gg,Loss,7119388
6020510148,31 May 2021,13150,ViKin.gg,Win,7119388
6020037333,31 May 2021,13150,HellRaisers,Win,7119388
6019956492,31 May 2021,13150,HellRaisers,Win,7119388
6018939054,30 May 2021,13150,Hellbear Smashers,Win,7119388
6018831940,30 May 2021,13150,Hellbear Smashers,Loss,7119388
6018644513,30 May 2021,13150,Hellbear Smashers,Win,7119388
6017439584,29 May 2021,13150,ViKin.gg,Loss,7119388
6017341467,29 May 2021,13150,ViKin.gg,Loss,7119388
6004322727,21 May 2021,13150,Chicken Fighters,Win,7119388
6004209289,21 May 2021,13150,Chicken Fighters,Win,7119388
6003151774,20 May 2021,13116,EXTREMUM,Win,7119388
6003064528,20 May 2021,13116,EXTREMUM,Win,7119388
6001218699,19 May 2021,13150,Brame,Win,7119388
6001139487,19 May 2021,13150,Brame,Win,7119388
5998632658,17 May 2021,13150,Team Unique,Win,7119388
5998535155,17 May 2021,13150,Team Unique,Win,7119388
5993707971,14 May 2021,13150,ViKin.gg,Win,7119388
5993602874,14 May 2021,13150,ViKin.gg,Win,7119388
5992627361,13 May 2021,13116,Virtus.pro,Loss,7119388
6147005110,22 Aug 2021,13404,Virtus.pro,Loss,7391077
6146908857,22 Aug 2021,13404,Virtus.pro,Loss,7391077
6146005615,21 Aug 2021,13404,CREEPWAVE,Win,7391077
6145906936,21 Aug 2021,13404,CREEPWAVE,Loss,7391077
6145586856,21 Aug 2021,13404,Tundra Esports,Loss,7391077
6145473556,21 Aug 2021,13404,Tundra Esports,Loss,7391077
5996128575,16 May 2021,13109,Infinity,Win,7391077
5996079997,16 May 2021,13109,Infinity,Win,7391077
5991414340,13 May 2021,13109,Hokori,Win,7391077
5991367653,13 May 2021,13109,Hokori,Win,7391077
5980687608,05 May 2021,13109,NoPing Esports,Loss,7391077
5980646012,05 May 2021,13109,NoPing Esports,Loss,7391077
5980573339,05 May 2021,13109,NoPing Esports,Win,7391077
5972425255,30 Apr 2021,13109,beastcoast,Loss,7391077
5972366137,30 Apr 2021,13109,beastcoast,Loss,7391077
5972283496,30 Apr 2021,13109,beastcoast,Win,7391077
5958121455,21 Apr 2021,13109,Unknown Team,Win,7391077
5958074309,21 Apr 2021,13109,Unknown Team,Win,7391077
5949354564,17 Apr 2021,13109,Infamous Gaming,Win,7391077
5949310181,17 Apr 2021,13109,Infamous Gaming,Win,7391077
5949265103,17 Apr 2021,13109,Infamous Gaming,Loss,7391077
5924507520,03 Apr 2021,12906,INVICTUS GAMING,Loss,7391077
5924430391,03 Apr 2021,12906,INVICTUS GAMING,Loss,7391077
5924343990,03 Apr 2021,12906,INVICTUS GAMING,Win,7391077
5922871615,02 Apr 2021,12906,Virtus.pro,Win,7391077
5922768273,02 Apr 2021,12906,Virtus.pro,Win,7391077
5920806694,01 Apr 2021,12906,Team Aster,Win,7391077
5920714068,01 Apr 2021,12906,Team Aster,Win,7391077
5917514439,30 Mar 2021,12906,PSG.LGD,Win,7391077
5917443590,30 Mar 2021,12906,PSG.LGD,Win,7391077
5917346943,30 Mar 2021,12906,Vici Gaming,Win,7391077
5917274351,30 Mar 2021,12906,Vici Gaming,Loss,7391077
5916953224,30 Mar 2021,12906,OB.Neon,Loss,7391077
5916888278,30 Mar 2021,12906,OB.Neon,Win,7391077
5915868132,29 Mar 2021,12906,Team Aster,Win,7391077
5915726519,29 Mar 2021,12906,Team Aster,Win,7391077
5915141664,29 Mar 2021,12906,Team Liquid,Win,7391077
5915090081,29 Mar 2021,12906,Team Liquid,Win,7391077
5854497075,25 Feb 2021,12727,Latam Defenders,Win,7391077
5854465734,25 Feb 2021,12727,Latam Defenders,Win,7391077
5841881426,18 Feb 2021,12727,EGOBOYS,Win,7391077
5841831098,18 Feb 2021,12727,EGOBOYS,Win,7391077
5828057194,10 Feb 2021,12727,NoPing Esports,Win,7391077
5828012664,10 Feb 2021,12727,NoPing Esports,Win,7391077
5827941324,10 Feb 2021,12727,NoPing Esports,Loss,7391077
5819531670,05 Feb 2021,12727,beastcoast,Loss,7391077
5819465626,05 Feb 2021,12727,beastcoast,Loss,7391077
5805989815,27 Jan 2021,12727,Unknown Team,Win,7391077
5805940849,27 Jan 2021,12727,Unknown Team,Win,7391077
5805870323,27 Jan 2021,12727,Unknown Team,Loss,7391077
5798312410,23 Jan 2021,12727,Infamous Gaming,Loss,7391077
5798263205,23 Jan 2021,12727,Infamous Gaming,Loss,7391077
6148045022,23 Aug 2021,13409,NoPing Esports,Win,8260983
6148001519,23 Aug 2021,13409,NoPing Esports,Win,8260983
6147962532,23 Aug 2021,13409,NoPing Esports,Win,8260983
6147932603,23 Aug 2021,13409,NoPing Esports,Loss,8260983
6147899511,23 Aug 2021,13409,NoPing Esports,Loss,8260983
6146109774,21 Aug 2021,13409,4 Zoomers,Win,8260983
6146042966,21 Aug 2021,13409,4 Zoomers,Win,8260983
6142981483,19 Aug 2021,13409,Hokori,Win,8260983
6142915183,19 Aug 2021,13409,Hokori,Win,8260983
6137334121,16 Aug 2021,13409,Furia Jovem,Win,8260983
6137294367,16 Aug 2021,13409,Furia Jovem,Win,8260983
6137231890,15 Aug 2021,13409,beastcoast,Win,8260983
6137159664,15 Aug 2021,13409,beastcoast,Loss,8260983
6135567364,14 Aug 2021,13409,4 Zoomers,Win,8260983
6135496056,14 Aug 2021,13409,4 Zoomers,Loss,8260983
6133969764,13 Aug 2021,13409,TEAM TEAM,Win,8260983
6133902333,13 Aug 2021,13409,TEAM TEAM,Loss,8260983
6131070427,11 Aug 2021,13409,NoPing Esports,Win,8260983
6130997944,11 Aug 2021,13409,NoPing Esports,Win,8260983
6129707415,11 Aug 2021,13409,Hokori,Win,8260983
6129675550,11 Aug 2021,13409,Hokori,Win,8260983
6128157730,09 Aug 2021,13409,Infamous Gaming,Win,8260983
6128105363,09 Aug 2021,13409,Infamous Gaming,Win,8260983
6072190545,04 Jul 2021,13256,4 Zoomers,Win,8260983
6072143944,04 Jul 2021,13256,4 Zoomers,Win,8260983
6072077922,04 Jul 2021,13256,4 Zoomers,Win,8260983
6070412895,03 Jul 2021,13256,4 Zoomers,Win,8260983
6070369341,03 Jul 2021,13256,4 Zoomers,Win,8260983
6068967778,02 Jul 2021,13256,Black N Yellow,Win,8260983
6068924854,02 Jul 2021,13256,Black N Yellow,Win,8260983
6066937635,30 Jun 2021,13256,The Cut,Win,8260983
6066863360,30 Jun 2021,13256,The Cut,Win,8260983
5987087786,10 May 2021,13119,sadboys,Win,8260983
5987038334,10 May 2021,13119,sadboys,Win,8260983
5970937245,29 Apr 2021,13119,Black N Yellow,Win,8260983
5970873258,29 Apr 2021,13119,Black N Yellow,Loss,8260983
5970812174,29 Apr 2021,13119,Black N Yellow,Win,8260983
5968112278,28 Apr 2021,13119,4 Zoomers,Win,8260983
5968064626,28 Apr 2021,13119,4 Zoomers,Win,8260983
5959899568,23 Apr 2021,13119,Simply TOOBASED,Win,8260983
5959850820,23 Apr 2021,13119,Simply TOOBASED,Win,8260983
5947460610,15 Apr 2021,13119,The Cut,Win,8260983
5947393449,15 Apr 2021,13119,The Cut,Win,8260983
5901127336,22 Mar 2021,11863,4 Zoomers,Loss,8260983
5901083770,22 Mar 2021,11863,4 Zoomers,Loss,8260983
5901048276,22 Mar 2021,11863,4 Zoomers,Win,8260983
5901005209,21 Mar 2021,11863,4 Zoomers,Loss,8260983
5898743908,20 Mar 2021,11863,4 Zoomers,Win,8260983
5898668888,20 Mar 2021,11863,4 Zoomers,Win,8260983
5885480951,13 Mar 2021,11863,NoPing Esports,Win,8260983
5885437268,13 Mar 2021,11863,NoPing Esports,Loss,8260983
5879515060,10 Mar 2021,11863,Infinity,Win,8260983
5879459427,10 Mar 2021,11863,Infinity,Win,8260983
5877655195,09 Mar 2021,11863,Unknown Team,Win,8260983
5877599976,09 Mar 2021,11863,Unknown Team,Win,8260983
5873873258,07 Mar 2021,11863,EGOBOYS,Win,8260983
5873806353,07 Mar 2021,11863,EGOBOYS,Win,8260983
5871503218,06 Mar 2021,11863,Simply TOOBASED,Win,8260983
5871436471,06 Mar 2021,11863,Simply TOOBASED,Win,8260983
5864582201,02 Mar 2021,11863,DogChamp,Loss,8260983
5864540958,02 Mar 2021,11863,DogChamp,Win,8260983
5849513507,22 Feb 2021,12735,4 Zoomers,Win,8260983
5849470764,22 Feb 2021,12735,4 Zoomers,Win,8260983
5849415611,22 Feb 2021,12735,4 Zoomers,Loss,8260983
5829904935,12 Feb 2021,12735,sadboys,Win,8260983
5829872221,12 Feb 2021,12735,sadboys,Win,8260983
5815532983,03 Feb 2021,12735,Black N Yellow,Win,8260983
5815508156,03 Feb 2021,12735,Black N Yellow,Win,8260983
5807405676,28 Jan 2021,12735,5ManMidas,Win,8260983
5807357726,28 Jan 2021,12735,5ManMidas,Win,8260983
5796772162,21 Jan 2021,12735,A-Team,Win,8260983
5796726621,21 Jan 2021,12735,A-Team,Win,8260983
5779680980,09 Jan 2021,12734,5ManMidas,Win,8260983
5779601730,09 Jan 2021,12734,5ManMidas,Win,8260983
5776591885,07 Jan 2021,12734,Aristotle,Win,8260983
5776545437,07 Jan 2021,12734,Aristotle,Win,8260983
6157590285,29 Aug 2021,13456,Royal Never Give Up,Win,726228
6157508495,29 Aug 2021,13456,Royal Never Give Up,Loss,726228
6157398889,29 Aug 2021,13456,Royal Never Give Up,Win,726228
6155794384,28 Aug 2021,13456,Team Magma,Win,726228
6155693347,28 Aug 2021,13456,Team Magma,Win,726228
6152707220,26 Aug 2021,13456,Royal Never Give Up,Win,726228
6152644316,26 Aug 2021,13456,Royal Never Give Up,Win,726228
6151211843,25 Aug 2021,13456,Aster.Aries,Loss,726228
6151143037,25 Aug 2021,13456,Aster.Aries,Win,726228
6151068825,25 Aug 2021,13456,Aster.Aries,Loss,726228
6146769654,22 Aug 2021,13456,Team Magma,Win,726228
6146689637,22 Aug 2021,13456,Team Magma,Win,726228
6128806431,10 Aug 2021,13403,Aster.Aries,Win,726228
6128743223,10 Aug 2021,13403,Aster.Aries,Loss,726228
6128696487,10 Aug 2021,13403,Aster.Aries,Win,726228
6103112792,24 Jul 2021,13420,Royal Never Give Up,Win,726228
6103022555,24 Jul 2021,13420,Royal Never Give Up,Win,726228
6035969848,10 Jun 2021,12964,Virtus.pro,Win,726228
6035901389,10 Jun 2021,12964,Virtus.pro,Loss,726228
6035807546,10 Jun 2021,12964,Virtus.pro,Win,726228
6029691087,06 Jun 2021,12964,Nigma,Loss,726228
6029614145,06 Jun 2021,12964,Nigma,Loss,726228
6029511003,06 Jun 2021,12964,beastcoast,Win,726228
6029392023,06 Jun 2021,12964,beastcoast,Win,726228
6026757158,04 Jun 2021,12964,TNC Predator,Loss,726228
6026675519,04 Jun 2021,12964,TNC Predator,Win,726228
6026574176,04 Jun 2021,12964,Team Liquid,Win,726228
6026468379,04 Jun 2021,12964,Team Liquid,Win,726228
6024639368,03 Jun 2021,12964,AS Monaco Gambit,Win,726228
6024546902,03 Jun 2021,12964,AS Monaco Gambit,Win,726228
6023821096,02 Jun 2021,12964,Execration,Loss,726228
6023755332,02 Jun 2021,12964,Execration,Win,726228
6023208208,02 Jun 2021,12964,Nigma,Loss,726228
6023084699,02 Jun 2021,12964,Nigma,Win,726228
6003725806,21 May 2021,13112,Sparking Arrow Gaming,Win,726228
6003682379,21 May 2021,13112,Sparking Arrow Gaming,Win,726228
5993267726,14 May 2021,13112,Royal Never Give Up,Win,726228
6156190097,28 Aug 2021,13404,Tundra Esports,Loss,1883502
6156066114,28 Aug 2021,13404,Tundra Esports,Loss,1883502
6148733792,23 Aug 2021,13404,Tundra Esports,Win,1883502
6148588387,23 Aug 2021,13404,Tundra Esports,Win,1883502
6145307333,21 Aug 2021,13404,CREEPWAVE,Win,1883502
6145218799,21 Aug 2021,13404,CREEPWAVE,Win,1883502
6034687123,10 Jun 2021,12964,Nigma,Loss,1883502
6034640592,09 Jun 2021,12964,Nigma,Loss,1883502
5997577819,16 May 2021,13116,Winstrike Team,Win,1883502
5997506572,16 May 2021,13116,Winstrike Team,Win,1883502
5992539304,13 May 2021,13116,Team Spirit,Loss,1883502
5992443872,13 May 2021,13116,Team Spirit,Win,1883502
5986690338,09 May 2021,13116,EXTREMUM,Win,1883502
5986603206,09 May 2021,13116,EXTREMUM,Win,1883502
5975500408,02 May 2021,13116,Natus Vincere,Win,1883502
5975398800,02 May 2021,13116,Natus Vincere,Win,1883502
5971817349,30 Apr 2021,13116,Team Unique,Win,1883502
5971718240,30 Apr 2021,13116,Team Unique,Win,1883502
5961117651,23 Apr 2021,13116,PuckChamp,Win,1883502
5961010983,23 Apr 2021,13116,PuckChamp,Win,1883502
5947270873,15 Apr 2021,13116,AS Monaco Gambit,Win,1883502
5947190595,15 Apr 2021,13116,AS Monaco Gambit,Loss,1883502
5947093473,15 Apr 2021,13116,AS Monaco Gambit,Win,1883502
5919422016,31 Mar 2021,12906,PSG.LGD,Loss,1883502
5919286556,31 Mar 2021,12906,PSG.LGD,Loss,1883502
5857415725,26 Feb 2021,12718,Natus Vincere,Win,1883502
5857330842,26 Feb 2021,12718,Natus Vincere,Win,1883502
5844990017,19 Feb 2021,12718,NoTechies,Win,1883502
5844869390,19 Feb 2021,12718,NoTechies,Win,1883502
5835798818,14 Feb 2021,12718,Team Spirit,Win,1883502
5835721732,14 Feb 2021,12718,Team Spirit,Win,1883502
5835584653,14 Feb 2021,12718,Team Spirit,Loss,1883502
5819337509,05 Feb 2021,12718,EXTREMUM,Win,1883502
5819250473,05 Feb 2021,12718,EXTREMUM,Win,1883502
5817975494,04 Feb 2021,12718,Team Unique,Win,1883502
5817904346,04 Feb 2021,12718,Team Unique,Win,1883502
5808449206,29 Jan 2021,12718,Live to Win,Win,1883502
5808305438,29 Jan 2021,12718,Live to Win,Win,1883502
5801256613,24 Jan 2021,12718,Team Empire,Win,1883502
5801167986,24 Jan 2021,12718,Team Empire,Win,1883502
5745197712,17 Dec 2020,12621,ViKin.gg,Win,1883502
5745153866,16 Dec 2020,12621,ViKin.gg,Win,1883502
5738455698,11 Dec 2020,12548,ViKin.gg,Win,1883502
5738370031,11 Dec 2020,12548,ViKin.gg,Win,1883502
5729063013,04 Dec 2020,12548,Alliance,Win,1883502
5729008683,04 Dec 2020,12548,Alliance,Loss,1883502
5728941095,04 Dec 2020,12548,Alliance,Win,1883502
5722475575,29 Nov 2020,12548,Natus Vincere,Win,1883502
5722374437,29 Nov 2020,12548,Natus Vincere,Loss,1883502
5722245646,29 Nov 2020,12548,Natus Vincere,Win,1883502
5719053905,27 Nov 2020,12548,Team Liquid,Loss,1883502
5718953479,27 Nov 2020,12548,Team Liquid,Win,1883502
6154267880,27 Aug 2021,13404,Tundra Esports,Loss,8254400
6154175643,27 Aug 2021,13404,Tundra Esports,Loss,8254400
6150380998,24 Aug 2021,13404,Team Empire,Win,8254400
6150272572,24 Aug 2021,13404,Team Empire,Loss,8254400
6147683456,22 Aug 2021,13404,Team Liquid,Loss,8254400
6147597474,22 Aug 2021,13404,Team Liquid,Win,8254400
6141609136,19 Aug 2021,13409,Furia Jovem,Loss,8254400
6141575662,18 Aug 2021,13409,Furia Jovem,Loss,8254400
6141485467,18 Aug 2021,13409,Furia Jovem,Win,8254400
6135639054,15 Aug 2021,13409,Furia Jovem,Loss,8254400
6134073011,14 Aug 2021,13409,4 Zoomers,Loss,8254400
6134020663,14 Aug 2021,13409,4 Zoomers,Loss,8254400
6132614038,13 Aug 2021,13409,TEAM TEAM,Loss,8254400
6132566909,13 Aug 2021,13409,TEAM TEAM,Win,8254400
6131263888,12 Aug 2021,13409,Infamous Gaming,Loss,8254400
6131221218,12 Aug 2021,13409,Infamous Gaming,Win,8254400
6129602064,10 Aug 2021,13409,NoPing Esports,Win,8254400
6129530313,10 Aug 2021,13409,NoPing Esports,Loss,8254400
6128366643,10 Aug 2021,13409,Hokori,Win,8254400
6128317612,10 Aug 2021,13409,Hokori,Loss,8254400
6031437705,07 Jun 2021,12964,Nigma,Loss,8254400
6031339671,07 Jun 2021,12964,Nigma,Loss,8254400
6027988597,05 Jun 2021,12964,TNC Predator,Loss,8254400
6027892182,05 Jun 2021,12964,TNC Predator,Loss,8254400
6026106253,04 Jun 2021,12964,Team Liquid,Loss,8254400
6026013605,04 Jun 2021,12964,Team Liquid,Win,8254400
6004982644,22 May 2021,13109,NoPing Esports,Loss,8254400
6004930669,22 May 2021,13109,NoPing Esports,Loss,8254400
6004874661,21 May 2021,13109,NoPing Esports,Win,8254400
6004818219,21 May 2021,13109,NoPing Esports,Loss,8254400
6004744238,21 May 2021,13109,NoPing Esports,Win,8254400
5980824702,06 May 2021,13109,Infamous Gaming,Loss,8254400
5980781033,06 May 2021,13109,Infamous Gaming,Loss,8254400
5980748091,06 May 2021,13109,Infamous Gaming,Win,8254400
5961513035,24 Apr 2021,13109,Infinity,Win,8254400
5961456105,24 Apr 2021,13109,Infinity,Win,8254400
5951322254,18 Apr 2021,13109,Unknown Team,Win,8254400
5951247307,18 Apr 2021,13109,Unknown Team,Win,8254400
5945805666,14 Apr 2021,13109,Hokori,Win,8254400
5945710171,14 Apr 2021,13109,Hokori,Win,8254400
5845595093,20 Feb 2021,12727,NoPing Esports,Loss,8254400
5845557545,20 Feb 2021,12727,NoPing Esports,Loss,8254400
5828140995,11 Feb 2021,12727,Infamous Gaming,Win,8254400
5828098154,11 Feb 2021,12727,Infamous Gaming,Win,8254400
5809053828,30 Jan 2021,12727,Latam Defenders,Win,8254400
5809019454,30 Jan 2021,12727,Latam Defenders,Win,8254400
5799924686,24 Jan 2021,12727,Unknown Team,Win,8254400
5799878962,24 Jan 2021,12727,Unknown Team,Win,8254400
5795498343,20 Jan 2021,12727,EGOBOYS,Win,8254400
5795438554,20 Jan 2021,12727,EGOBOYS,Win,8254400
