series_id,account_id,result
643473,111114687,0
643473,118134220,0
643473,147767183,2
643473,150961567,2
643473,157475523,0
643473,173978074,0
643473,179313961,2
643473,249835593,2
643473,320252024,2
643473,898754153,0
643491,94296097,0
643491,94738847,0
643491,106863163,0
643491,107803494,2
643491,119535307,0
643491,129958758,2
643491,136177710,0
643491,148215639,2
643491,183378746,2
643491,207829314,2
643634,50828662,2
643634,84429681,2
643634,86822085,2
643634,98172857,0
643634,108452107,0
643634,110448679,2
643634,126238768,2
643634,169025618,0
643634,193884241,0
643634,221666230,0
643672,25907144,2
643672,26771994,2
643672,38628747,0
643672,86745912,2
643672,97658618,0
643672,124801257,2
643672,126212866,0
643672,145550466,0
643672,154715080,2
643672,238239590,0
643746,107803494,0
643746,129958758,0
643746,147767183,2
643746,148215639,0
643746,150961567,2
643746,179313961,2
643746,183378746,0
643746,207829314,0
643746,249835593,2
643746,320252024,2
643766,94296097,2
643766,94738847,2
643766,106863163,2
643766,111114687,0
643766,118134220,0
643766,119535307,2
643766,136177710,2
643766,157475523,0
643766,173978074,0
643766,898754153,0
644008,38628747,0
644008,97658618,0
644008,98172857,2
644008,108452107,2
644008,126212866,0
644008,145550466,0
644008,169025618,2
644008,193884241,2
644008,221666230,2
644008,238239590,0
644066,25907144,0
644066,26771994,0
644066,50828662,2
644066,84429681,2
644066,86745912,0
644066,86822085,2
644066,110448679,2
644066,124801257,0
644066,126238768,2
644066,154715080,0
644163,94296097,0
644163,94738847,0
644163,106863163,0
644163,107803494,2
644163,119535307,0
644163,129958758,2
644163,136177710,0
644163,148215639,2
644163,183378746,2
644163,207829314,2
644199,94296097,2
644199,94738847,2
644199,106863163,2
644199,111114687,0
644199,118134220,0
644199,119535307,2
644199,136177710,2
644199,157475523,0
644199,173978074,0
644199,898754153,0
644221,94296097,2
644221,94738847,2
644221,106863163,2
644221,111114687,0
644221,118134220,0
644221,119535307,2
644221,136177710,2
644221,157475523,0
644221,173978074,0
644221,898754153,0
644418,25907144,0
644418,26771994,0
644418,86745912,0
644418,98172857,2
644418,108452107,2
644418,124801257,0
644418,154715080,0
644418,169025618,2
644418,193884241,2
644418,221666230,2
644482,25907144,2
644482,26771994,2
644482,38628747,0
644482,86745912,2
644482,97658618,0
644482,124801257,2
644482,126212866,0
644482,145550466,0
644482,154715080,2
644482,238239590,0
644701,5150808,0
644701,90423751,0
644701,91460772,0
644701,92601861,2
644701,140297552,2
644701,257698084,2
644701,293731272,0
644701,314584168,2
644701,363871826,0
644701,412753955,2
644854,88470,0
644854,103296177,0
644854,107803494,2
644854,129958758,2
644854,148215639,2
644854,183378746,2
644854,197849259,0
644854,199222238,0
644854,207829314,2
644854,224302441,0
644870,101259972,2
644870,111114687,0
644870,118134220,0
644870,138857296,2
644870,157475523,0
644870,168028715,2
644870,173978074,0
644870,182331313,2
644870,202217968,2
644870,898754153,0
645074,85367644,2
645074,117089283,0
645074,155332459,0
645074,219225327,2
645074,230580807,2
645074,277196834,2
645074,339235645,0
645074,352545711,0
645074,408729743,0
645074,1071332616,2
645141,94296097,2
645141,94738847,2
645141,106863163,2
645141,119535307,2
645141,134276083,0
645141,136177710,2
645141,137193239,0
645141,138543123,0
645141,143693439,0
645141,185908355,0
645184,107081378,2
645184,114645455,2
645184,137129583,2
645184,147767183,0
645184,150961567,0
645184,156662698,2
645184,179313961,0
645184,249835593,0
645184,277141004,2
645184,320252024,0
645212,92601861,2
645212,99155835,0
645212,126702445,0
645212,140297552,2
645212,165564598,0
645212,178692606,0
645212,257698084,2
645212,314584168,2
645212,412753955,2
645212,1110152099,0
645308,50828662,0
645308,81475303,2
645308,84429681,0
645308,86822085,0
645308,110448679,0
645308,110583422,2
645308,126238768,0
645308,138880576,2
645308,153125655,2
645308,412758827,2
645430,88470,0
645430,103296177,0
645430,111114687,2
645430,146776927,2
645430,157475523,2
645430,173978074,2
645430,197849259,0
645430,199222238,0
645430,224302441,0
645430,898754153,2
645440,134276083,0
645440,137193239,0
645440,138543123,0
645440,143693439,0
645440,147767183,2
645440,150961567,2
645440,179313961,2
645440,185908355,0
645440,249835593,2
645440,320252024,2
645725,101259972,2
645725,107803494,0
645725,129958758,1
645725,138857296,2
645725,148215639,0
645725,168028715,2
645725,182331313,2
645725,183378746,0
645725,202217968,2
645725,207829314,0
645725,348210175,0
645762,94296097,0
645762,94738847,0
645762,106863163,0
645762,107081378,2
645762,114645455,2
645762,119535307,0
645762,136177710,0
645762,137129583,2
645762,156662698,2
645762,277141004,2
645824,41843638,2
645824,86317757,2
645824,92601861,0
645824,118419316,2
645824,129035220,2
645824,140297552,2
645824,141690233,0
645824,194979527,2
645824,257698084,0
645824,314584168,0
645824,412753955,0
645922,81475303,1
645922,99796146,1
645922,101779337,1
645922,110583422,1
645922,138880576,1
645922,153125655,1
645922,180775030,1
645922,191290281,1
645922,352623024,1
645922,412758827,1
645933,50828662,0
645933,84429681,0
645933,85367644,2
645933,86822085,0
645933,110448679,0
645933,126238768,0
645933,151643048,2
645933,230580807,2
645933,361688848,2
645933,1071332616,2
646016,107803494,0
646016,129958758,0
646016,147767183,2
646016,148215639,0
646016,150961567,2
646016,179313961,2
646016,183378746,0
646016,207829314,0
646016,249835593,2
646016,320252024,2
646047,94296097,0
646047,94738847,0
646047,106863163,0
646047,111114687,2
646047,118134220,2
646047,119535307,0
646047,136177710,0
646047,157475523,2
646047,173978074,2
646047,898754153,2
646210,81475303,1
646210,105045291,1
646210,110583422,1
646210,125995177,1
646210,131303632,1
646210,138177198,1
646210,138880576,1
646210,153125655,1
646210,177203952,1
646210,412758827,1
646328,94296097,2
646328,94738847,2
646328,106863163,2
646328,107803494,0
646328,119535307,2
646328,129958758,0
646328,136177710,2
646328,148215639,0
646328,183378746,0
646328,207829314,0
646364,88470,2
646364,103296177,2
646364,134276083,0
646364,137193239,0
646364,138543123,0
646364,143693439,0
646364,185908355,0
646364,197849259,2
646364,199222238,2
646364,224302441,2
646421,12231202,0
646421,18180970,0
646421,20603135,2
646421,41231571,0
646421,93430669,2
646421,101963914,2
646421,122049498,0
646421,142712028,2
646421,151069590,0
646421,248096417,2
646441,12231202,0
646441,18180970,0
646441,41231571,0
646441,115461162,2
646441,122049498,0
646441,124306043,2
646441,145521249,2
646441,151069590,0
646441,374875067,2
646441,375980084,2
646467,92601861,2
646467,141690233,2
646467,161839895,0
646467,175463659,0
646467,205517338,0
646467,214853734,0
646467,257698084,2
646467,269930820,0
646467,314584168,2
646467,412753955,2
646471,12231202,0
646471,18180970,0
646471,41231571,0
646471,94439767,2
646471,114500675,2
646471,122049498,0
646471,151069590,0
646471,262476000,2
646471,313198707,2
646471,930586713,2
646510,12231202,0
646510,18180970,0
646510,41231571,0
646510,94439767,2
646510,114500675,2
646510,122049498,0
646510,151069590,0
646510,262476000,2
646510,313198707,2
646510,930586713,2
646641,81475303,2
646641,110583422,2
646641,117089283,0
646641,138880576,2
646641,153125655,2
646641,155332459,0
646641,339235645,0
646641,352545711,0
646641,408729743,0
646641,412758827,2
646737,88470,0
646737,103296177,0
646737,107803494,2
646737,129958758,2
646737,148215639,2
646737,183378746,2
646737,197849259,0
646737,199222238,0
646737,207829314,2
646737,224302441,0
646747,88470,2
646747,103296177,2
646747,134276083,0
646747,137193239,0
646747,138543123,0
646747,143693439,0
646747,185908355,0
646747,197849259,2
646747,199222238,2
646747,224302441,2
647217,10366616,0
647217,86698277,0
647217,94786276,0
647217,100058342,0
647217,103735745,0
647217,113331514,2
647217,159020918,2
647217,302214028,2
647217,321580662,2
647217,431770905,2
647219,34505203,0
647219,38628747,2
647219,82262664,0
647219,97658618,2
647219,101356886,0
647219,105248644,0
647219,113995822,0
647219,126212866,2
647219,145550466,2
647219,238239590,2
647223,76904792,2
647223,86700461,2
647223,91369376,2
647223,93618577,0
647223,117483894,0
647223,152859296,2
647223,167976729,0
647223,181716137,2
647223,183719386,0
647223,401792574,0
647226,84772440,2
647226,87278757,2
647226,89117038,2
647226,100594231,0
647226,111620041,2
647226,121769650,2
647226,155494381,0
647226,156328257,0
647226,324277900,0
647226,392565237,0
647228,38628747,2
647228,97658618,2
647228,113331514,0
647228,126212866,2
647228,145550466,2
647228,159020918,0
647228,238239590,2
647228,302214028,0
647228,321580662,0
647228,431770905,0
647239,84772440,2
647239,87278757,2
647239,89117038,2
647239,93618577,0
647239,111620041,2
647239,117483894,0
647239,121769650,2
647239,167976729,0
647239,183719386,0
647239,401792574,0
647250,10366616,0
647250,38628747,2
647250,86698277,0
647250,94786276,0
647250,97658618,2
647250,100058342,0
647250,103735745,0
647250,126212866,2
647250,145550466,2
647250,238239590,2
647264,93618577,2
647264,100594231,0
647264,117483894,2
647264,155494381,0
647264,156328257,0
647264,167976729,2
647264,183719386,2
647264,324277900,0
647264,392565237,0
647264,401792574,2
647265,76904792,2
647265,84772440,0
647265,86700461,2
647265,87278757,0
647265,89117038,0
647265,91369376,2
647265,111620041,0
647265,121769650,0
647265,152859296,2
647265,181716137,2
647271,10366616,0
647271,86698277,0
647271,94786276,0
647271,100058342,0
647271,100471531,2
647271,102099826,2
647271,103735745,0
647271,132309493,2
647271,148526973,2
647271,164532005,2
647375,81475303,0
647375,86818655,2
647375,88153289,2
647375,88611330,2
647375,110583422,0
647375,138880576,0
647375,153125655,0
647375,203851397,2
647375,412758827,0
647375,916319073,2
647478,10366616,2
647478,34505203,0
647478,82262664,0
647478,86698277,2
647478,94786276,2
647478,100058342,2
647478,101356886,0
647478,103735745,2
647478,105248644,0
647478,113995822,0
647480,38628747,0
647480,97658618,0
647480,100471531,2
647480,102099826,2
647480,126212866,0
647480,132309493,2
647480,145550466,0
647480,148526973,2
647480,164532005,2
647480,238239590,0
647488,38628747,0
647488,97658618,0
647488,100471531,2
647488,102099826,2
647488,126212866,0
647488,132309493,2
647488,145550466,0
647488,148526973,2
647488,164532005,2
647488,238239590,0
647515,38628747,2
647515,84772440,0
647515,87278757,0
647515,89117038,0
647515,97658618,2
647515,111620041,0
647515,121769650,0
647515,126212866,2
647515,145550466,2
647515,238239590,2
647740,34505203,0
647740,82262664,0
647740,93618577,2
647740,101356886,0
647740,105248644,0
647740,113995822,0
647740,117483894,2
647740,167976729,2
647740,183719386,2
647740,401792574,2
647759,10366616,0
647759,86698277,0
647759,94786276,0
647759,100058342,0
647759,100594231,2
647759,103735745,0
647759,155494381,2
647759,156328257,2
647759,324277900,2
647759,392565237,2
647807,93618577,2
647807,113331514,0
647807,117483894,2
647807,159020918,0
647807,167976729,2
647807,183719386,2
647807,302214028,0
647807,321580662,0
647807,401792574,2
647807,431770905,0
647860,12231202,0
647860,18180970,0
647860,41231571,0
647860,66691128,2
647860,93845249,2
647860,102797362,2
647860,104314302,2
647860,122049498,0
647860,151069590,0
647860,171097887,2
647927,81475303,2
647927,99796146,0
647927,101779337,0
647927,110583422,2
647927,138880576,2
647927,153125655,2
647927,180775030,0
647927,191290281,0
647927,352623024,0
647927,412758827,2
647991,84772440,2
647991,87278757,2
647991,89117038,2
647991,100594231,0
647991,111620041,2
647991,121769650,2
647991,155494381,0
647991,156328257,0
647991,324277900,0
647991,392565237,0
648003,139031324,0
648003,140159807,2
648003,158847773,0
648003,162077924,2
648003,182325064,2
648003,192819341,0
648003,227657377,0
648003,293950128,0
648003,470392491,2
648003,1018920137,2
648006,139031324,0
648006,140159807,2
648006,158847773,0
648006,162077924,2
648006,182325064,2
648006,192819341,0
648006,227657377,0
648006,293950128,0
648006,470392491,2
648006,1018920137,2
648020,10366616,0
648020,34505203,2
648020,82262664,2
648020,86698277,0
648020,94786276,0
648020,100058342,0
648020,101356886,2
648020,103735745,0
648020,105248644,2
648020,113995822,2
648108,12231202,0
648108,18180970,0
648108,41231571,0
648108,62533910,2
648108,65976924,2
648108,92028391,2
648108,122049498,0
648108,151069590,0
648108,176961039,2
648108,230487729,2
648205,67893845,2
648205,92253768,2
648205,93159453,2
648205,98961223,0
648205,114585639,0
648205,169405715,0
648205,172739956,2
648205,361688848,0
648205,874542740,2
648205,1035128290,0
648208,86715129,0
648208,110583422,0
648208,131777279,2
648208,138880576,0
648208,153125655,0
648208,160119017,2
648208,260334344,2
648208,287481472,2
648208,365672955,2
648208,412758827,0
648210,79922175,2
648210,85367644,0
648210,143786911,2
648210,150914755,2
648210,151643048,0
648210,155347318,2
648210,219225327,0
648210,230580807,0
648210,365093914,2
648210,1071332616,0
648315,103940975,2
648315,136421659,2
648315,137895298,2
648315,139031324,0
648315,158847773,0
648315,192819341,0
648315,198455581,2
648315,227657377,0
648315,293950128,0
648315,1101855381,2
648409,10366616,2
648409,86698277,2
648409,94786276,2
648409,100058342,2
648409,100594231,0
648409,103735745,2
648409,155494381,0
648409,156328257,0
648409,324277900,0
648409,392565237,0
648599,81475303,0
648599,98961223,2
648599,110583422,0
648599,114585639,2
648599,138880576,0
648599,153125655,0
648599,169405715,2
648599,361688848,2
648599,412758827,0
648599,1035128290,2
648818,50828662,0
648818,84429681,0
648818,85367644,2
648818,86822085,0
648818,110448679,0
648818,126238768,0
648818,151643048,2
648818,219225327,2
648818,230580807,2
648818,1071332616,2
648874,50828662,2
648874,81475303,0
648874,84429681,2
648874,86822085,2
648874,110448679,2
648874,110583422,0
648874,126238768,2
648874,138880576,0
648874,153125655,0
648874,412758827,0
649122,59752811,2
649122,81475303,0
649122,91741256,2
649122,110583422,0
649122,117311875,2
649122,138880576,0
649122,153125655,0
649122,397240228,2
649122,412413765,2
649122,412758827,0
650790,107803494,0
650790,129683931,2
650790,129958758,0
650790,148215639,0
650790,164530809,2
650790,183378746,0
650790,189398048,2
650790,191458152,2
650790,198161112,2
650790,207829314,0
650801,107081378,2
650801,111114687,0
650801,114645455,2
650801,118134220,0
650801,137129583,2
650801,157475523,0
650801,173978074,0
650801,223344914,2
650801,277141004,2
650801,898754153,0
650821,54580962,2
650821,72312627,2
650821,73562326,2
650821,77490514,2
650821,84772440,0
650821,87278757,0
650821,89117038,0
650821,111620041,0
650821,121769650,0
650821,152962063,2
650855,34505203,2
650855,82262664,2
650855,90125566,0
650855,93618577,0
650855,101356886,2
650855,105248644,2
650855,113995822,2
650855,167976729,0
650855,183719386,0
650855,401792574,0
650914,81475303,2
650914,86726887,0
650914,98172857,0
650914,108452107,0
650914,110583422,2
650914,138880576,2
650914,153125655,2
650914,169025618,0
650914,221666230,0
650914,412758827,2
651039,10366616,0
651039,86698277,0
651039,94786276,0
651039,96803083,2
651039,100058342,0
651039,103735745,0
651039,127565532,2
651039,127617979,2
651039,140288368,2
651039,196878136,2
651069,12231202,0
651069,18180970,0
651069,41231571,0
651069,86953414,2
651069,103910993,2
651069,112426916,2
651069,113619848,2
651069,122049498,0
651069,151069590,0
651069,158606677,2
651134,54151884,2
651134,75750590,2
651134,86700461,0
651134,92601861,0
651134,172424257,2
651134,208181197,2
651134,220621418,2
651134,257698084,0
651134,314584168,0
651134,412753955,0
651174,25907144,0
651174,26771994,0
651174,85367644,2
651174,86745912,0
651174,124801257,0
651174,151643048,2
651174,154715080,0
651174,219225327,2
651174,230580807,2
651174,1071332616,2
651518,108221389,2
651518,139031324,0
651518,158847773,0
651518,165178538,2
651518,192819341,0
651518,227657377,0
651518,250547284,2
651518,293950128,0
651518,373520478,2
651518,835676420,2
651528,107081378,0
651528,114645455,0
651528,129683931,2
651528,137129583,0
651528,139937922,0
651528,164530809,2
651528,189398048,2
651528,191458152,2
651528,198161112,2
651528,277141004,0
651901,16497807,0
651901,27178898,2
651901,91730177,0
651901,92949094,2
651901,97590558,0
651901,107855479,2
651901,115464954,2
651901,116934015,0
651901,190826739,0
651901,196490133,2
652012,38628747,0
652012,59752811,2
652012,91741256,2
652012,97658618,0
652012,117311875,2
652012,126212866,0
652012,145550466,0
652012,238239590,0
652012,397240228,2
652012,412413765,2
652050,25907144,0
652050,26771994,0
652050,81475303,2
652050,86745912,0
652050,110583422,2
652050,124801257,0
652050,138880576,2
652050,153125655,2
652050,154715080,0
652050,412758827,2
652115,129683931,2
652115,134276083,0
652115,137193239,0
652115,138543123,0
652115,143693439,0
652115,164530809,2
652115,185908355,0
652115,189398048,2
652115,191458152,2
652115,198161112,2
652139,88470,2
652139,103296177,2
652139,147767183,0
652139,150961567,0
652139,197849259,2
652139,199222238,2
652139,224302441,2
652139,249835593,0
652139,315272623,0
652139,320252024,0
652349,92253768,2
652349,93159453,2
652349,98961223,0
652349,114585639,0
652349,169405715,0
652349,172739956,2
652349,277196834,2
652349,361688848,0
652349,874542740,2
652349,1035128290,0
652463,136178375,2
652463,139031324,0
652463,141010367,2
652463,150588364,2
652463,158847773,0
652463,192819341,0
652463,206379758,2
652463,227657377,0
652463,262367336,2
652463,293950128,0
652474,108221389,0
652474,144528954,2
652474,162926943,0
652474,165178538,0
652474,180286184,2
652474,250547284,0
652474,253962772,2
652474,255219872,0
652474,257945712,2
652474,376376587,2
652565,12231202,0
652565,18180970,0
652565,32128719,2
652565,41231571,0
652565,98885811,2
652565,100483784,2
652565,106755427,2
652565,118078153,2
652565,122049498,0
652565,151069590,0
652720,94296097,0
652720,94738847,0
652720,106863163,0
652720,107081378,2
652720,114645455,2
652720,119535307,0
652720,136177710,0
652720,137129583,2
652720,223344914,2
652720,277141004,2
652733,111114687,0
652733,118134220,0
652733,147767183,2
652733,150961567,2
652733,157475523,0
652733,173978074,0
652733,249835593,2
652733,315272623,2
652733,320252024,2
652733,898754153,0
652763,10366616,0
652763,84772440,2
652763,86698277,0
652763,87278757,2
652763,89117038,2
652763,94786276,0
652763,100058342,0
652763,103735745,0
652763,111620041,2
652763,121769650,2
652833,50828662,2
652833,84429681,2
652833,86726887,0
652833,86822085,2
652833,98172857,0
652833,108452107,0
652833,110448679,2
652833,126238768,2
652833,169025618,0
652833,221666230,0
652872,98961223,0
652872,114585639,0
652872,169405715,0
652872,361688848,0
652872,1035128290,0
652872,1138108910,2
652872,1138610285,2
652872,1138635322,2
652872,1261414529,2
652872,1262036558,2
652972,27178898,2
652972,92949094,2
652972,96803083,0
652972,107855479,2
652972,115464954,2
652972,127565532,0
652972,127617979,0
652972,140288368,0
652972,196490133,2
652972,196878136,0
653000,56939869,2
653000,86700461,0
653000,88826062,2
653000,92601861,0
653000,116876282,2
653000,117015167,2
653000,245373129,2
653000,257698084,0
653000,314584168,0
653000,412753955,0
653067,12231202,0
653067,18180970,0
653067,41231571,0
653067,48823667,2
653067,50580004,2
653067,58513047,2
653067,100317750,2
653067,122049498,0
653067,151069590,0
653067,165671428,2
653068,14067214,2
653068,38628747,0
653068,94364925,2
653068,97658618,0
653068,115141430,2
653068,126212866,0
653068,145550466,0
653068,192120253,2
653068,236858633,2
653068,238239590,0
653079,59752811,2
653079,85367644,0
653079,91741256,2
653079,117311875,2
653079,151643048,0
653079,219225327,0
653079,230580807,0
653079,397240228,2
653079,412413765,2
653079,1071332616,0
653235,54580962,2
653235,72312627,2
653235,73562326,2
653235,77490514,2
653235,90125566,0
653235,93618577,0
653235,152962063,2
653235,167976729,0
653235,183719386,0
653235,401792574,0
653430,88470,2
653430,103296177,2
653430,134276083,0
653430,137193239,0
653430,138543123,0
653430,143693439,0
653430,185908355,0
653430,197849259,2
653430,199222238,2
653430,224302441,2
653569,92253768,0
653569,93159453,0
653569,112669497,2
653569,124127745,2
653569,137676707,2
653569,166178728,2
653569,172739956,0
653569,277196834,0
653569,306013204,2
653569,874542740,0
653817,84772440,0
653817,87278757,0
653817,89117038,0
653817,90125566,2
653817,93618577,2
653817,111620041,0
653817,121769650,0
653817,167976729,2
653817,183719386,2
653817,401792574,2
653904,16497807,0
653904,91730177,0
653904,96803083,2
653904,97590558,0
653904,116934015,0
653904,127565532,2
653904,127617979,2
653904,140288368,2
653904,190826739,0
653904,196878136,2
653949,14067214,2
653949,25907144,0
653949,26771994,0
653949,86745912,0
653949,94364925,2
653949,115141430,2
653949,124801257,0
653949,154715080,0
653949,192120253,2
653949,236858633,2
653974,59752811,2
653974,91741256,2
653974,98172857,0
653974,108452107,0
653974,117311875,2
653974,169025618,0
653974,193884241,0
653974,221666230,0
653974,397240228,2
653974,412413765,2
654017,101259972,2
654017,138857296,2
654017,139031324,0
654017,158847773,0
654017,168028715,2
654017,182331313,2
654017,192819341,0
654017,202217968,2
654017,227657377,0
654017,293950128,0
654046,88470,2
654046,103296177,2
654046,111114687,0
654046,118134220,0
654046,157475523,0
654046,173978074,0
654046,197849259,2
654046,199222238,2
654046,224302441,2
654046,898754153,0
654090,94296097,0
654090,94738847,0
654090,106863163,0
654090,119535307,0
654090,136177710,0
654090,147767183,2
654090,150961567,2
654090,249835593,2
654090,315272623,2
654090,320252024,2
654241,96803083,0
654241,111030315,2
654241,127565532,0
654241,127617979,0
654241,140288368,0
654241,196878136,0
654241,217599053,2
654241,234699894,2
654241,241519559,2
654241,386370442,2
654267,98961223,0
654267,99540890,2
654267,100246000,2
654267,100708765,2
654267,114585639,0
654267,161072811,2
654267,169405715,0
654267,188423794,2
654267,361688848,0
654267,1035128290,0
654410,108221389,0
654410,147488585,2
654410,150970092,2
654410,162926943,0
654410,165178538,0
654410,189666416,2
654410,250547284,0
654410,254710104,2
654410,255219872,0
654410,381714118,2
654506,41637292,2
654506,92253768,0
654506,92706637,2
654506,93159453,0
654506,96189126,2
654506,115750060,2
654506,172739956,0
654506,185512564,2
654506,277196834,0
654506,874542740,0
654629,94296097,0
654629,94738847,0
654629,106863163,0
654629,119535307,0
654629,136177710,0
654629,164530809,2
654629,189398048,2
654629,191458152,2
654629,198161112,2
654629,208796906,2
654636,32128719,2
654636,86700461,0
654636,92601861,0
654636,98885811,2
654636,100483784,2
654636,106755427,2
654636,118078153,2
654636,257698084,0
654636,314584168,0
654636,412753955,0
654643,9403474,0
654643,56351509,0
654643,96803083,2
654643,127565532,2
654643,127617979,2
654643,140288368,2
654643,196878136,2
654643,217472313,0
654643,331855530,0
654643,480412663,0
654655,107081378,2
654655,114645455,2
654655,134276083,0
654655,137129583,2
654655,137193239,0
654655,138543123,0
654655,143693439,0
654655,185908355,0
654655,223344914,2
654655,277141004,2
654658,10366616,0
654658,34505203,2
654658,82262664,2
654658,86698277,0
654658,94786276,0
654658,100058342,0
654658,101356886,2
654658,103735745,0
654658,105248644,2
654658,113995822,2
654685,27178898,2
654685,54580962,0
654685,72312627,0
654685,73562326,0
654685,77490514,0
654685,92949094,2
654685,107855479,2
654685,115464954,2
654685,152962063,0
654685,196490133,2
654738,38628747,0
654738,85367644,2
654738,97658618,0
654738,126212866,0
654738,145550466,0
654738,151643048,2
654738,219225327,2
654738,230580807,2
654738,238239590,0
654738,1071332616,2
654866,96803083,0
654866,99155835,2
654866,127565532,0
654866,127617979,0
654866,140288368,0
654866,165564598,2
654866,185996267,2
654866,196878136,0
654866,346392468,2
654866,1110152099,2
654887,16497807,0
654887,84772440,2
654887,87278757,2
654887,89117038,2
654887,91730177,0
654887,97590558,0
654887,111620041,2
654887,116934015,0
654887,121769650,2
654887,190826739,0
654895,40805086,2
654895,86785083,2
654895,96803083,0
654895,108958769,2
654895,127565532,0
654895,127617979,0
654895,140288368,0
654895,145065875,2
654895,155162307,2
654895,196878136,0
654960,50828662,2
654960,81475303,0
654960,84429681,2
654960,86822085,2
654960,110448679,2
654960,110583422,0
654960,126238768,2
654960,138880576,0
654960,153125655,0
654960,412758827,0
655127,9403474,2
655127,56351509,2
655127,96803083,0
655127,127565532,0
655127,127617979,0
655127,140288368,0
655127,196878136,0
655127,217472313,2
655127,331855530,2
655127,480412663,2
655167,96803083,0
655167,106305042,2
655167,117421467,2
655167,127565532,0
655167,127617979,0
655167,140288368,0
655167,177411785,2
655167,195108598,2
655167,196878136,0
655167,235505993,2
655653,12231202,0
655653,18180970,0
655653,41231571,0
655653,86700461,2
655653,92601861,2
655653,122049498,0
655653,151069590,0
655653,257698084,2
655653,314584168,2
655653,412753955,2
655768,10366616,2
655768,86698277,2
655768,90125566,0
655768,93618577,0
655768,94786276,2
655768,100058342,2
655768,103735745,2
655768,167976729,0
655768,183719386,0
655768,401792574,0
655808,25907144,0
655808,26771994,0
655808,50828662,2
655808,84429681,2
655808,86745912,0
655808,86822085,2
655808,110448679,2
655808,124801257,0
655808,126238768,2
655808,154715080,0
655867,38628747,0
655867,81475303,2
655867,97658618,0
655867,110583422,2
655867,126212866,0
655867,138880576,2
655867,145550466,0
655867,153125655,2
655867,238239590,0
655867,412758827,2
656049,16497807,0
656049,34505203,2
656049,82262664,2
656049,91730177,0
656049,97590558,0
656049,101356886,2
656049,105248644,2
656049,113995822,2
656049,116934015,0
656049,190826739,0
656148,89354043,2
656148,89558517,2
656148,92253768,0
656148,93159453,0
656148,104275965,2
656148,172739956,0
656148,175709801,2
656148,277196834,0
656148,329977411,2
656148,874542740,0
656204,41637292,2
656204,79192770,2
656204,92706637,2
656204,96189126,2
656204,98961223,0
656204,114585639,0
656204,169405715,0
656204,185512564,2
656204,361688848,0
656204,1035128290,0
656559,54580962,0
656559,72312627,0
656559,73562326,0
656559,77490514,0
656559,96803083,2
656559,127565532,2
656559,127617979,2
656559,140288368,2
656559,152962063,0
656559,196878136,2
656616,27178898,0
656616,84772440,2
656616,87278757,2
656616,89117038,2
656616,92949094,0
656616,107855479,0
656616,111620041,2
656616,115464954,0
656616,121769650,2
656616,196490133,0
656680,85367644,2
656680,98172857,0
656680,108452107,0
656680,151643048,2
656680,169025618,0
656680,193884241,0
656680,219225327,2
656680,221666230,0
656680,230580807,2
656680,1071332616,2
656801,16497807,2
656801,90125566,0
656801,91730177,2
656801,93618577,0
656801,97590558,2
656801,116934015,2
656801,167976729,0
656801,183719386,0
656801,190826739,2
656801,401792574,0
656838,86700461,0
656838,86953414,2
656838,92601861,0
656838,103910993,2
656838,112426916,2
656838,113619848,2
656838,158606677,2
656838,257698084,0
656838,314584168,0
656838,412753955,0
656916,38628747,0
656916,50828662,2
656916,84429681,2
656916,86822085,2
656916,97658618,0
656916,110448679,2
656916,126212866,0
656916,126238768,2
656916,145550466,0
656916,238239590,0
656920,12231202,0
656920,18180970,0
656920,41231571,0
656920,122049498,0
656920,129807919,2
656920,151069590,0
656920,178633570,2
656920,387624608,2
656920,405351356,2
656920,872008996,2
656957,59752811,2
656957,81475303,0
656957,91741256,2
656957,110583422,0
656957,117311875,2
656957,138880576,0
656957,153125655,0
656957,160119017,2
656957,412413765,2
656957,412758827,0
657462,98961223,0
657462,112669497,2
657462,114585639,0
657462,124127745,2
657462,137676707,2
657462,166178728,2
657462,169405715,0
657462,306013204,2
657462,361688848,0
657462,1035128290,0
657678,10366616,2
657678,54580962,0
657678,72312627,0
657678,73562326,0
657678,77490514,0
657678,86698277,2
657678,94786276,2
657678,100058342,2
657678,103735745,2
657678,152962063,0
657787,34505203,2
657787,82262664,2
657787,96803083,0
657787,101356886,2
657787,105248644,2
657787,113995822,2
657787,127565532,0
657787,127617979,0
657787,140288368,0
657787,196878136,0
657859,25907144,0
657859,26771994,0
657859,86745912,0
657859,98172857,2
657859,108452107,2
657859,124801257,0
657859,154715080,0
657859,169025618,2
657859,193884241,2
657859,221666230,2
657909,14067214,2
657909,85367644,0
657909,94364925,2
657909,115141430,2
657909,151643048,0
657909,192120253,2
657909,219225327,0
657909,230580807,0
657909,236858633,2
657909,1071332616,0
658245,79922175,2
658245,92253768,0
658245,93159453,0
658245,143786911,2
658245,150914755,2
658245,151238860,2
658245,155347318,2
658245,172739956,0
658245,277196834,0
658245,874542740,0
658534,103940975,2
658534,108221389,0
658534,136421659,2
658534,136600451,2
658534,137895298,2
658534,162926943,0
658534,165178538,0
658534,250547284,0
658534,255219872,0
658534,1101855381,2
658549,88470,2
658549,94296097,0
658549,94738847,0
658549,103296177,2
658549,106863163,0
658549,119535307,0
658549,186627166,0
658549,197849259,2
658549,199222238,2
658549,224302441,2
658562,86700461,0
658562,92601861,0
658562,129807919,2
658562,178633570,2
658562,257698084,0
658562,314584168,0
658562,387624608,2
658562,405351356,2
658562,412753955,0
658562,872008996,2
658563,107081378,0
658563,107803494,2
658563,114645455,0
658563,129958758,2
658563,137129583,0
658563,139937922,0
658563,148215639,2
658563,183378746,2
658563,207829314,2
658563,277141004,0
658578,34505203,2
658578,54580962,0
658578,72312627,0
658578,73562326,0
658578,77490514,0
658578,82262664,2
658578,101356886,2
658578,105248644,2
658578,118193010,2
658578,152962063,0
658622,27178898,2
658622,90125566,0
658622,92949094,2
658622,93618577,0
658622,107855479,2
658622,115464954,2
658622,167976729,0
658622,183719386,0
658622,196490133,2
658622,401792574,0
658726,89354043,2
658726,89558517,2
658726,98961223,0
658726,104275965,2
658726,114585639,0
658726,169405715,0
658726,175709801,2
658726,329977411,2
658726,361688848,0
658726,1035128290,0
658795,139031324,0
658795,147488585,2
658795,158847773,0
658795,189666416,2
658795,192819341,0
658795,227657377,0
658795,254710104,2
658795,293950128,0
658795,361612884,2
658795,381714118,2
658815,111114687,0
658815,118134220,0
658815,157475523,0
658815,164530809,2
658815,173978074,0
658815,189398048,2
658815,191458152,2
658815,198161112,2
658815,208796906,2
658815,898754153,0
658823,134276083,0
658823,137193239,0
658823,138543123,0
658823,143693439,0
658823,147767183,2
658823,150961567,2
658823,185908355,0
658823,249835593,2
658823,315272623,2
658823,320252024,2
658846,84772440,0
658846,87278757,0
658846,89117038,0
658846,96803083,2
658846,111620041,0
658846,121769650,0
658846,127565532,2
658846,127617979,2
658846,140288368,2
658846,196878136,2
658976,81475303,0
658976,85367644,2
658976,110583422,0
658976,138880576,0
658976,151643048,2
658976,153125655,0
658976,219225327,2
658976,230580807,2
658976,412758827,0
658976,1071332616,2
658977,12231202,0
658977,18180970,0
658977,41231571,0
658977,54151884,2
658977,75750590,2
658977,122049498,0
658977,151069590,0
658977,172424257,2
658977,193564777,2
658977,208181197,2
659002,94364925,2
659002,98172857,0
659002,108452107,0
659002,115141430,2
659002,169025618,0
659002,192120253,2
659002,193884241,0
659002,197463135,2
659002,221666230,0
659002,236858633,2
659358,88470,2
659358,103296177,2
659358,107803494,0
659358,129958758,0
659358,148215639,0
659358,183378746,0
659358,197849259,2
659358,199222238,2
659358,207829314,0
659358,224302441,2
659594,139031324,0
659594,144528954,2
659594,158847773,0
659594,180286184,2
659594,192819341,0
659594,227657377,0
659594,253962772,2
659594,257945712,2
659594,293950128,0
659594,376376587,2
659619,108221389,0
659619,136178375,2
659619,141010367,2
659619,150588364,2
659619,162926943,0
659619,165178538,0
659619,206379758,2
659619,250547284,0
659619,255219872,0
659619,262367336,2
659649,50580004,2
659649,58513047,2
659649,86700461,0
659649,92601861,0
659649,100317750,2
659649,165671428,2
659649,257698084,0
659649,313198707,2
659649,314584168,0
659649,412753955,0
659652,147767183,0
659652,150961567,0
659652,164530809,2
659652,189398048,2
659652,191458152,2
659652,198161112,2
659652,208796906,2
659652,249835593,0
659652,315272623,0
659652,320252024,0
659691,34505203,0
659691,82262664,0
659691,84772440,2
659691,87197791,0
659691,87278757,2
659691,89117038,2
659691,101356886,0
659691,105248644,0
659691,111620041,2
659691,121769650,2
659741,10366616,2
659741,16497807,0
659741,86698277,2
659741,91730177,0
659741,94786276,2
659741,97590558,0
659741,100058342,2
659741,103735745,2
659741,116934015,0
659741,190826739,0
659804,25907144,2
659804,26771994,2
659804,38628747,0
659804,86745912,2
659804,97658618,0
659804,124801257,2
659804,126212866,0
659804,145550466,0
659804,154715080,2
659804,238239590,0
659839,50828662,0
659839,84429681,0
659839,85367644,2
659839,86822085,0
659839,110448679,0
659839,126238768,0
659839,151643048,2
659839,219225327,2
659839,230580807,2
659839,1071332616,2
659878,101259972,2
659878,108221389,0
659878,138857296,2
659878,162926943,0
659878,165178538,0
659878,168028715,2
659878,182331313,2
659878,202217968,2
659878,250547284,0
659878,255219872,0
659911,107803494,0
659911,129958758,0
659911,134276083,2
659911,137193239,2
659911,138543123,2
659911,143693439,2
659911,148215639,0
659911,183378746,0
659911,185908355,2
659911,207829314,0
659936,94296097,2
659936,94738847,2
659936,106863163,2
659936,111114687,0
659936,118134220,0
659936,119535307,2
659936,157475523,0
659936,173978074,0
659936,186627166,2
659936,898754153,0
660087,92253768,2
660087,93159453,2
660087,172739956,2
660087,236953146,0
660087,277196834,2
660087,874542740,2
660087,1138108910,0
660087,1138610285,0
660087,1138635322,0
660087,1261414529,0
660221,103940975,2
660221,136421659,2
660221,136600451,2
660221,137895298,2
660221,139031324,0
660221,158847773,0
660221,192819341,0
660221,227657377,0
660221,293950128,0
660221,1101855381,2
660300,12231202,0
660300,18180970,0
660300,41231571,0
660300,56939869,2
660300,88826062,2
660300,116876282,2
660300,117015167,2
660300,122049498,0
660300,151069590,0
660300,245373129,2
660359,79922175,2
660359,98961223,0
660359,114585639,0
660359,150914755,2
660359,151238860,2
660359,155347318,2
660359,169405715,0
660359,361688848,0
660359,398660182,2
660359,1035128290,0
660454,88470,2
660454,103296177,2
660454,107081378,0
660454,114645455,0
660454,137129583,0
660454,139937922,0
660454,197849259,2
660454,199222238,2
660454,224302441,2
660454,277141004,0
660470,107803494,2
660470,129958758,2
660470,147767183,0
660470,148215639,2
660470,150961567,0
660470,183378746,2
660470,207829314,2
660470,249835593,0
660470,315272623,0
660470,320252024,0
660495,10366616,0
660495,27178898,2
660495,86698277,0
660495,92949094,2
660495,94786276,0
660495,100058342,0
660495,103735745,0
660495,107855479,2
660495,115464954,2
660495,196490133,2
660516,90125566,0
660516,93618577,0
660516,96803083,2
660516,127565532,2
660516,127617979,2
660516,140288368,2
660516,167976729,0
660516,183719386,0
660516,196878136,2
660516,401792574,0
660675,108221389,0
660675,117731777,2
660675,134711350,2
660675,138885864,2
660675,162926943,0
660675,165178538,0
660675,186627166,2
660675,206642367,2
660675,250547284,0
660675,255219872,0
660691,111114687,0
660691,118134220,0
660691,134276083,2
660691,137193239,2
660691,138543123,2
660691,143693439,2
660691,157475523,0
660691,173978074,0
660691,185908355,2
660691,898754153,0
660709,94296097,2
660709,94738847,2
660709,106863163,2
660709,107803494,0
660709,119535307,2
660709,129958758,0
660709,148215639,0
660709,183378746,0
660709,186627166,2
660709,207829314,0
660734,16497807,0
660734,54580962,2
660734,72312627,2
660734,73562326,2
660734,77490514,2
660734,91730177,0
660734,97590558,0
660734,116934015,0
660734,152962063,2
660734,190826739,0
660808,38628747,2
660808,97658618,2
660808,98172857,0
660808,108452107,0
660808,126212866,2
660808,145550466,2
660808,169025618,0
660808,193884241,0
660808,221666230,0
660808,238239590,2
660843,25907144,0
660843,26771994,0
660843,59752811,2
660843,86745912,0
660843,91741256,2
660843,117311875,2
660843,124801257,0
660843,154715080,0
660843,160119017,2
660843,412413765,2
660963,27178898,2
660963,92949094,2
660963,96803083,0
660963,107855479,2
660963,115464954,2
660963,127565532,0
660963,127617979,0
660963,140288368,0
660963,196490133,2
660963,196878136,0
661195,117731777,2
661195,138885864,2
661195,139031324,0
661195,158847773,0
661195,186627166,2
661195,192819341,0
661195,196389151,2
661195,206642367,2
661195,227657377,0
661195,293950128,0
661320,25907144,0
661320,26771994,0
661320,86745912,0
661320,98172857,2
661320,108452107,2
661320,124801257,0
661320,154715080,0
661320,169025618,2
661320,193884241,2
661320,221666230,2
661321,92253768,0
661321,93159453,0
661321,99540890,2
661321,100246000,2
661321,100708765,2
661321,161072811,2
661321,172739956,0
661321,188423794,2
661321,277196834,0
661321,874542740,0
661344,38628747,0
661344,97658618,0
661344,98172857,2
661344,108452107,2
661344,126212866,0
661344,145550466,0
661344,169025618,2
661344,193884241,2
661344,221666230,2
661344,238239590,0
661354,25907144,0
661354,26771994,0
661354,38628747,2
661354,86745912,0
661354,97658618,2
661354,124801257,0
661354,126212866,2
661354,145550466,2
661354,154715080,0
661354,238239590,2
661505,107081378,0
661505,114645455,0
661505,137129583,0
661505,139937922,0
661505,147767183,2
661505,150961567,2
661505,249835593,2
661505,277141004,0
661505,315272623,2
661505,320252024,2
661781,89354043,2
661781,89558517,2
661781,92253768,0
661781,93159453,0
661781,104275965,2
661781,172739956,0
661781,175709801,2
661781,277196834,0
661781,329977411,2
661781,874542740,0
661849,94296097,2
661849,94738847,2
661849,106863163,2
661849,119535307,2
661849,134276083,0
661849,137193239,0
661849,138543123,0
661849,143693439,0
661849,185908355,0
661849,186627166,2
661882,107803494,0
661882,111114687,2
661882,118134220,2
661882,129958758,0
661882,148215639,0
661882,157475523,2
661882,173978074,2
661882,183378746,0
661882,207829314,0
661882,898754153,2
662235,107803494,2
662235,129958758,2
662235,134276083,0
662235,137193239,0
662235,138543123,0
662235,143693439,0
662235,148215639,2
662235,183378746,2
662235,185908355,0
662235,207829314,2
662344,98961223,1
662344,109455705,1
662344,114585639,1
662344,116080282,1
662344,119343873,1
662344,151460217,1
662344,169405715,1
662344,361688848,1
662344,417512732,1
662344,1035128290,1
662613,98961223,0
662613,100708765,2
662613,114585639,0
662613,161072811,2
662613,169405715,0
662613,170128072,2
662613,242885483,2
662613,308163407,2
662613,361688848,0
662613,1035128290,0
662622,92253768,0
662622,93159453,0
662622,98961223,2
662622,114585639,2
662622,169405715,2
662622,172739956,0
662622,277196834,0
662622,361688848,2
662622,874542740,0
662622,1035128290,2
662832,98961223,0
662832,114585639,0
662832,125941160,2
662832,169405715,0
662832,206712876,2
662832,322010194,2
662832,361688848,0
662832,452400903,2
662832,493967542,2
662832,1035128290,0
663100,26316691,2
663100,59752811,0
663100,91741256,0
663100,92253768,2
663100,93159453,2
663100,117311875,0
663100,160119017,0
663100,172739956,2
663100,277196834,2
663100,412413765,0
663100,874542740,1
663134,89354043,0
663134,89558517,0
663134,98961223,2
663134,104275965,0
663134,114585639,2
663134,169405715,2
663134,175709801,0
663134,329977411,0
663134,361688848,2
663134,1035128290,2
663638,91730177,2
663638,97590558,2
663638,103812784,2
663638,116934015,2
663638,124461329,0
663638,144490903,0
663638,190826739,2
663638,196105270,0
663638,264220224,0
663638,324879189,0
663640,16497807,0
663640,91730177,0
663640,97590558,0
663640,116934015,0
663640,124461329,2
663640,144490903,2
663640,190826739,0
663640,196105270,2
663640,264220224,2
663640,324879189,2
663641,10366616,0
663641,86698277,0
663641,94786276,0
663641,97067110,2
663641,100058342,0
663641,103735745,0
663641,118370366,2
663641,129157052,2
663641,910028605,2
663641,1082256811,2
663660,16497807,0
663660,89604875,2
663660,91730177,0
663660,93526520,2
663660,97590558,0
663660,116934015,0
663660,190826739,0
663660,231581709,2
663660,353881304,2
663660,1086211656,2
663663,10366616,0
663663,86698277,0
663663,94786276,0
663663,100058342,0
663663,103735745,0
663663,168380579,2
663663,189262406,2
663663,325665682,2
663663,360826756,2
663663,389276156,2
663686,10366616,0
663686,11550182,2
663686,86698277,0
663686,94786276,0
663686,100058342,0
663686,103735745,0
663686,162959893,2
663686,172099728,2
663686,296226696,2
663686,1014295667,2
663697,16497807,0
663697,62533910,2
663697,65976924,2
663697,91730177,0
663697,97590558,0
663697,116934015,0
663697,190826739,0
663697,230487729,2
663697,346412363,2
663697,855292827,2
663724,89354043,0
663724,89558517,0
663724,92253768,2
663724,93159453,2
663724,104275965,0
663724,172739956,2
663724,175709801,0
663724,277196834,2
663724,329977411,0
663724,874542740,2
663942,10366616,0
663942,73401082,2
663942,86698277,0
663942,94786276,0
663942,100058342,0
663942,103735745,0
663942,127530803,2
663942,150748346,2
663942,197547532,2
663942,203351055,2
663943,16497807,0
663943,40805086,2
663943,86785083,2
663943,91730177,0
663943,97590558,0
663943,108958769,2
663943,116934015,0
663943,145065875,2
663943,155162307,2
663943,190826739,0
663964,10366616,0
663964,73401082,2
663964,86698277,0
663964,94786276,0
663964,100058342,0
663964,103735745,0
663964,127530803,2
663964,150748346,2
663964,197547532,2
663964,203351055,2
663969,16497807,0
663969,40805086,2
663969,86785083,2
663969,91730177,0
663969,97590558,0
663969,108958769,2
663969,116934015,0
663969,145065875,2
663969,155162307,2
663969,190826739,0
664061,81475303,0
664061,89558517,2
664061,104275965,2
664061,110583422,0
664061,138880576,0
664061,153125655,0
664061,175709801,2
664061,329977411,2
664061,412758827,0
664061,1138108910,2
664122,85367644,2
664122,101779337,0
664122,151643048,2
664122,185202677,0
664122,186837494,0
664122,219225327,2
664122,230580807,2
664122,249986681,0
664122,878212255,0
664122,1071332616,2
664311,98961223,0
664311,114585639,0
664311,136812808,2
664311,169405715,0
664311,191698197,2
664311,193230284,2
664311,267693296,2
664311,268546384,2
664311,361688848,0
664311,1035128290,0
664370,81475303,0
664370,85367644,2
664370,110583422,0
664370,138880576,0
664370,151643048,2
664370,153125655,0
664370,219225327,2
664370,230580807,2
664370,412758827,0
664370,1071332616,2
664621,81475303,1
664621,110583422,1
664621,125995177,1
664621,131303632,1
664621,138177198,1
664621,138880576,1
664621,153125655,1
664621,177203952,1
664621,412758827,1
664621,1031547092,1
664651,28070572,0
664651,81475303,2
664651,100758751,0
664651,110583422,2
664651,138880576,2
664651,153125655,2
664651,191290281,0
664651,392385140,0
664651,399920568,0
664651,412758827,2
664705,94296097,0
664705,94738847,0
664705,106863163,0
664705,139876032,0
664705,147767183,2
664705,150961567,2
664705,206642367,0
664705,249835593,2
664705,315272623,2
664705,320252024,2
664797,10366616,0
664797,54580962,2
664797,72312627,2
664797,73562326,2
664797,77490514,2
664797,86698277,0
664797,94786276,0
664797,100058342,0
664797,103735745,0
664797,152962063,2
664799,16497807,2
664799,34505203,0
664799,82262664,0
664799,87197791,0
664799,91730177,2
664799,97590558,2
664799,101356886,0
664799,105248644,0
664799,116934015,2
664799,190826739,2
664830,41637292,0
664830,92706637,0
664830,96189126,0
664830,98961223,2
664830,114585639,2
664830,169405715,2
664830,185512564,0
664830,236858633,0
664830,361688848,2
664830,1035128290,2
664849,50828662,0
664849,84429681,0
664849,86822085,0
664849,99796146,2
664849,110448679,0
664849,126238768,0
664849,180775030,2
664849,248180032,2
664849,352623024,2
664849,1171243748,2
664866,35504297,0
664866,98961223,2
664866,114585639,2
664866,116525052,0
664866,119315361,0
664866,126174633,0
664866,133167741,0
664866,169405715,2
664866,361688848,2
664866,1035128290,2
664874,81475303,0
664874,101779337,2
664874,110583422,0
664874,138880576,0
664874,153125655,0
664874,185202677,2
664874,186837494,2
664874,249986681,2
664874,412758827,0
664874,878212255,2
664892,28070572,0
664892,85367644,2
664892,100758751,0
664892,151643048,2
664892,191290281,0
664892,219225327,2
664892,230580807,2
664892,392385140,0
664892,399920568,0
664892,1071332616,2
664959,91369376,2
664959,101460882,2
664959,118233883,2
664959,147767183,0
664959,150961567,0
664959,152859296,2
664959,181716137,2
664959,249835593,0
664959,315272623,0
664959,320252024,0
665042,16497807,2
665042,54580962,0
665042,72312627,0
665042,73562326,0
665042,77490514,0
665042,91730177,2
665042,97590558,2
665042,116934015,2
665042,152962063,0
665042,190826739,2
665090,28070572,0
665090,50828662,2
665090,84429681,2
665090,86822085,2
665090,100758751,0
665090,110448679,2
665090,126238768,2
665090,191290281,0
665090,392385140,0
665090,399920568,0
665183,94296097,2
665183,94738847,2
665183,106863163,2
665183,111114687,0
665183,118134220,0
665183,139876032,2
665183,157475523,0
665183,173978074,0
665183,206642367,2
665183,898754153,0
665195,94296097,1
665195,94738847,1
665195,100594231,1
665195,106863163,1
665195,139876032,1
665195,155494381,1
665195,156328257,1
665195,206642367,1
665195,324277900,1
665195,392565237,1
665197,107803494,2
665197,129958758,2
665197,134276083,0
665197,137193239,0
665197,138543123,0
665197,143693439,0
665197,148215639,2
665197,183378746,2
665197,185908355,0
665197,207829314,2
665203,107803494,0
665203,129958758,0
665203,134276083,2
665203,137193239,2
665203,138543123,2
665203,143693439,2
665203,148215639,0
665203,183378746,0
665203,185908355,2
665203,207829314,0
665211,107803494,0
665211,129958758,0
665211,134276083,2
665211,137193239,2
665211,138543123,2
665211,143693439,2
665211,148215639,0
665211,183378746,0
665211,185908355,2
665211,207829314,0
665214,94296097,2
665214,94738847,2
665214,100594231,0
665214,106863163,2
665214,139876032,2
665214,155494381,0
665214,156328257,0
665214,206642367,2
665214,324277900,0
665214,392565237,0
665263,98961223,1
665263,114585639,1
665263,156331087,1
665263,169405715,1
665263,194521913,1
665263,202464276,1
665263,207916561,1
665263,361688848,1
665263,1035128290,1
665263,1131665504,1
665289,10366616,0
665289,34505203,2
665289,82262664,2
665289,86698277,0
665289,87197791,2
665289,94786276,0
665289,100058342,0
665289,101356886,2
665289,103735745,0
665289,105248644,2
665309,50828662,0
665309,84429681,0
665309,86822085,0
665309,89354043,2
665309,89558517,2
665309,110448679,0
665309,126238768,0
665309,175709801,2
665309,192120253,2
665309,329977411,2
665335,59752811,2
665335,81475303,0
665335,91741256,2
665335,110583422,0
665335,138880576,0
665335,153125655,0
665335,160119017,2
665335,191362875,2
665335,412413765,2
665335,412758827,0
665353,81475303,0
665353,99796146,2
665353,110583422,0
665353,138880576,0
665353,153125655,0
665353,180775030,2
665353,248180032,2
665353,352623024,2
665353,412758827,0
665353,1171243748,2
665422,94296097,2
665422,94738847,2
665422,106863163,2
665422,134276083,0
665422,137193239,0
665422,138543123,0
665422,139876032,2
665422,143693439,0
665422,185908355,0
665422,206642367,2
665455,94296097,0
665455,94738847,0
665455,106863163,0
665455,139876032,0
665455,147767183,2
665455,150961567,2
665455,206642367,0
665455,249835593,2
665455,315272623,2
665455,320252024,2
665460,107803494,0
665460,111114687,2
665460,118134220,2
665460,129958758,0
665460,148215639,0
665460,157475523,2
665460,173978074,2
665460,183378746,0
665460,207829314,0
665460,898754153,2
665567,34505203,2
665567,54580962,0
665567,72312627,0
665567,73562326,0
665567,77490514,0
665567,82262664,2
665567,87197791,2
665567,101356886,2
665567,105248644,2
665567,152962063,0
665592,98961223,0
665592,114585639,0
665592,169405715,0
665592,215068222,2
665592,351892959,2
665592,361688848,0
665592,853740284,2
665592,872625732,2
665592,1035128290,0
665592,1180773097,2
665605,50828662,1
665605,81475303,1
665605,84429681,1
665605,86822085,1
665605,110448679,1
665605,110583422,1
665605,126238768,1
665605,138880576,1
665605,153125655,1
665605,412758827,1
665660,85367644,0
665660,89354043,2
665660,89558517,2
665660,151643048,0
665660,175709801,2
665660,192120253,2
665660,219225327,0
665660,230580807,0
665660,329977411,2
665660,1071332616,0
665686,111114687,0
665686,118134220,0
665686,134276083,2
665686,137193239,2
665686,138543123,2
665686,143693439,2
665686,157475523,0
665686,173978074,0
665686,185908355,2
665686,898754153,0
665707,94296097,0
665707,94738847,0
665707,100594231,2
665707,106863163,0
665707,139876032,0
665707,155494381,2
665707,156328257,2
665707,206642367,0
665707,324277900,2
665707,392565237,2
665726,107803494,2
665726,111114687,0
665726,118134220,0
665726,129958758,2
665726,148215639,2
665726,157475523,0
665726,173978074,0
665726,183378746,2
665726,207829314,2
665726,898754153,0
665814,10366616,2
665814,54580962,0
665814,72312627,0
665814,73562326,0
665814,77490514,0
665814,86698277,2
665814,94786276,2
665814,100058342,2
665814,103735745,2
665814,152962063,0
665944,50828662,0
665944,84429681,0
665944,85367644,2
665944,86822085,0
665944,110448679,0
665944,126238768,0
665944,151643048,2
665944,219225327,2
665944,230580807,2
665944,1071332616,2
666107,59752811,0
666107,85367644,2
666107,91741256,0
666107,151643048,2
666107,160119017,0
666107,191362875,0
666107,219225327,2
666107,230580807,2
666107,412413765,0
666107,1071332616,2
666121,50828662,1
666121,84429681,1
666121,86822085,1
666121,110448679,1
666121,125995177,1
666121,126238768,1
666121,131303632,1
666121,138177198,1
666121,177203952,1
666121,1031547092,1
666276,98961223,0
666276,114585639,0
666276,136812808,2
666276,169405715,0
666276,191698197,2
666276,193230284,2
666276,267693296,2
666276,268546384,2
666276,361688848,0
666276,1035128290,0
666386,50828662,0
666386,84429681,0
666386,86822085,0
666386,101779337,2
666386,110448679,0
666386,126238768,0
666386,185202677,2
666386,186837494,2
666386,249986681,2
666386,969982039,2
666400,79648574,2
666400,85367644,2
666400,125995177,0
666400,131303632,0
666400,138177198,0
666400,151643048,2
666400,177203952,0
666400,219225327,2
666400,1031547092,0
666400,1071332616,2
666545,98961223,2
666545,114585639,2
666545,156331087,0
666545,169405715,2
666545,194521913,0
666545,202464276,0
666545,207916561,0
666545,361688848,2
666545,1035128290,2
666545,1131665504,0
666549,98961223,2
666549,114585639,2
666549,156331087,0
666549,169405715,2
666549,194521913,0
666549,202464276,0
666549,207916561,0
666549,361688848,2
666549,1035128290,2
666549,1131665504,0
666610,50828662,0
666610,59752811,2
666610,84429681,0
666610,86822085,0
666610,91741256,2
666610,110448679,0
666610,126238768,0
666610,160119017,2
666610,191362875,2
666610,412413765,2
666662,79648574,2
666662,85367644,2
666662,99796146,0
666662,136812808,2
666662,151643048,2
666662,180775030,0
666662,219225327,2
666662,248180032,0
666662,352623024,0
666662,1171243748,0
666722,10366616,0
666722,25907144,2
666722,26771994,2
666722,86698277,0
666722,86745912,2
666722,94786276,0
666722,100058342,0
666722,103735745,0
666722,124801257,2
666722,154715080,2
666723,88271237,0
666723,93618577,0
666723,119631156,2
666723,153836240,2
666723,157989498,2
666723,164685175,2
666723,167976729,0
666723,183719386,0
666723,292921272,2
666723,401792574,0
666744,88271237,1
666744,93618577,1
666744,100594231,1
666744,155494381,1
666744,156328257,1
666744,167976729,1
666744,183719386,1
666744,324277900,1
666744,392565237,1
666744,401792574,1
666748,25907144,2
666748,26771994,2
666748,86745912,2
666748,94281932,0
666748,121404228,0
666748,124801257,2
666748,136829091,0
666748,152545459,0
666748,154715080,2
666748,184950344,0
666781,54580962,2
666781,72312627,2
666781,73562326,2
666781,77490514,2
666781,117089283,0
666781,152962063,2
666781,155332459,0
666781,339235645,0
666781,352545711,0
666781,408729743,0
666784,16497807,1
666784,38628747,1
666784,91730177,1
666784,97590558,1
666784,97658618,1
666784,116934015,1
666784,145550466,1
666784,190826739,1
666784,221666230,1
666784,238239590,1
666834,38628747,2
666834,97658618,2
666834,100471531,0
666834,102099826,0
666834,132309493,0
666834,145550466,2
666834,148526973,0
666834,164532005,0
666834,221666230,2
666834,238239590,2
666837,16497807,0
666837,91730177,0
666837,97590558,0
666837,113331514,2
666837,116934015,0
666837,190826739,0
666837,256156323,2
666837,302214028,2
666837,321580662,2
666837,431770905,2
666972,10366616,1
666972,86698277,1
666972,94786276,1
666972,100058342,1
666972,103735745,1
666972,106305042,1
666972,117421467,1
666972,177411785,1
666972,195108598,1
666972,235505993,1
666974,88271237,2
666974,93618577,2
666974,94281932,0
666974,121404228,0
666974,136829091,0
666974,152545459,0
666974,167976729,2
666974,183719386,2
666974,184950344,0
666974,401792574,2
666988,10366616,0
666988,86698277,0
666988,88271237,2
666988,93618577,2
666988,94786276,0
666988,100058342,0
666988,103735745,0
666988,167976729,2
666988,183719386,2
666988,401792574,2
666990,25907144,1
666990,26771994,1
666990,86745912,1
666990,100594231,1
666990,124801257,1
666990,154715080,1
666990,155494381,1
666990,156328257,1
666990,324277900,1
666990,392565237,1
667037,38628747,1
667037,97658618,1
667037,113331514,1
667037,145550466,1
667037,221666230,1
667037,238239590,1
667037,256156323,1
667037,302214028,1
667037,321580662,1
667037,431770905,1
667039,54580962,1
667039,72312627,1
667039,73562326,1
667039,77490514,1
667039,100471531,1
667039,102099826,1
667039,132309493,1
667039,148526973,1
667039,152962063,1
667039,164532005,1
667066,98961223,0
667066,114585639,0
667066,136812808,2
667066,169405715,0
667066,191698197,2
667066,193230284,2
667066,267693296,2
667066,268546384,2
667066,361688848,0
667066,1035128290,0
667090,16497807,2
667090,54580962,0
667090,72312627,0
667090,73562326,0
667090,77490514,0
667090,91730177,2
667090,97590558,2
667090,116934015,2
667090,152962063,0
667090,190826739,2
667296,25907144,2
667296,26771994,2
667296,86745912,2
667296,106305042,0
667296,117421467,0
667296,124801257,2
667296,154715080,2
667296,177411785,0
667296,195108598,0
667296,235505993,0
667297,10366616,0
667297,86698277,0
667297,94786276,0
667297,100058342,0
667297,103735745,0
667297,119631156,2
667297,153836240,2
667297,157989498,2
667297,164685175,2
667297,292921272,2
667327,25907144,2
667327,26771994,2
667327,86745912,2
667327,88271237,0
667327,93618577,0
667327,124801257,2
667327,154715080,2
667327,167976729,0
667327,183719386,0
667327,401792574,0
667334,10366616,0
667334,86698277,0
667334,94786276,0
667334,100058342,0
667334,100594231,2
667334,103735745,0
667334,155494381,2
667334,156328257,2
667334,324277900,2
667334,392565237,2
667376,38628747,0
667376,54580962,2
667376,72312627,2
667376,73562326,2
667376,77490514,2
667376,97658618,0
667376,126212866,0
667376,145550466,0
667376,152962063,2
667376,238239590,0
667433,54580962,0
667433,72312627,0
667433,73562326,0
667433,77490514,0
667433,113331514,2
667433,152962063,0
667433,256156323,2
667433,302214028,2
667433,321580662,2
667433,431770905,2
667437,16497807,1
667437,91730177,1
667437,97590558,1
667437,116934015,1
667437,117089283,1
667437,155332459,1
667437,190826739,1
667437,339235645,1
667437,352545711,1
667437,408729743,1
667483,41637292,0
667483,92706637,0
667483,96189126,0
667483,98961223,2
667483,114585639,2
667483,169405715,2
667483,185512564,0
667483,236858633,0
667483,361688848,2
667483,1035128290,2
667589,88271237,0
667589,93618577,0
667589,106305042,2
667589,117421467,2
667589,167976729,0
667589,177411785,2
667589,183719386,0
667589,195108598,2
667589,235505993,2
667589,401792574,0
667590,25907144,1
667590,26771994,1
667590,86745912,1
667590,119631156,1
667590,124801257,1
667590,153836240,1
667590,154715080,1
667590,157989498,1
667590,164685175,1
667590,292921272,1
667592,10366616,0
667592,86698277,0
667592,94281932,2
667592,94786276,0
667592,100058342,0
667592,103735745,0
667592,121404228,2
667592,136829091,2
667592,152545459,2
667592,184950344,2
667641,16497807,0
667641,91730177,0
667641,97590558,0
667641,100471531,2
667641,102099826,2
667641,116934015,0
667641,132309493,2
667641,148526973,2
667641,164532005,2
667641,190826739,0
667643,38628747,1
667643,97658618,1
667643,117089283,1
667643,126212866,1
667643,145550466,1
667643,155332459,1
667643,238239590,1
667643,339235645,1
667643,352545711,1
667643,408729743,1
667745,54580962,2
667745,72312627,2
667745,73562326,2
667745,77490514,2
667745,113331514,0
667745,152962063,2
667745,256156323,0
667745,302214028,0
667745,321580662,0
667745,431770905,0
667749,38628747,2
667749,97658618,2
667749,117089283,0
667749,126212866,2
667749,145550466,2
667749,155332459,0
667749,238239590,2
667749,339235645,0
667749,352545711,0
667749,408729743,0
667783,38628747,0
667783,97658618,0
667783,113331514,2
667783,126212866,0
667783,145550466,0
667783,238239590,0
667783,256156323,2
667783,302214028,2
667783,321580662,2
667783,431770905,2
667784,54580962,2
667784,72312627,2
667784,73562326,2
667784,77490514,2
667784,117089283,0
667784,152962063,2
667784,155332459,0
667784,339235645,0
667784,352545711,0
667784,408729743,0
667825,38628747,0
667825,54580962,2
667825,72312627,2
667825,73562326,2
667825,77490514,2
667825,97658618,0
667825,126212866,0
667825,145550466,0
667825,152962063,2
667825,238239590,0
668020,10366616,0
668020,86698277,0
668020,94786276,0
668020,100058342,0
668020,103735745,0
668020,113331514,2
668020,256156323,2
668020,302214028,2
668020,321580662,2
668020,431770905,2
668094,38628747,0
668094,88271237,2
668094,93618577,2
668094,97658618,0
668094,126212866,0
668094,145550466,0
668094,167976729,2
668094,183719386,2
668094,238239590,0
668094,401792574,2
668138,16497807,0
668138,91730177,0
668138,94281932,2
668138,97590558,0
668138,116934015,0
668138,121404228,2
668138,136829091,2
668138,152545459,2
668138,184950344,2
668138,190826739,0
668295,54580962,2
668295,72312627,2
668295,73562326,2
668295,77490514,2
668295,106305042,0
668295,117421467,0
668295,152962063,2
668295,177411785,0
668295,195108598,0
668295,235505993,0
668354,88271237,0
668354,93618577,0
668354,100594231,2
668354,155494381,2
668354,156328257,2
668354,167976729,0
668354,183719386,0
668354,324277900,2
668354,392565237,2
668354,401792574,0
668557,10366616,0
668557,86698277,0
668557,94786276,0
668557,100058342,0
668557,103735745,0
668557,117089283,2
668557,155332459,2
668557,339235645,2
668557,352545711,2
668557,408729743,2
668626,16497807,2
668626,38628747,0
668626,91730177,2
668626,97590558,2
668626,97658618,0
668626,116934015,2
668626,126212866,0
668626,145550466,0
668626,190826739,2
668626,238239590,0
669098,88271237,0
669098,93618577,0
669098,100471531,2
669098,102099826,2
669098,132309493,2
669098,148526973,2
669098,164532005,2
669098,167976729,0
669098,183719386,0
669098,401792574,0
669194,16497807,0
669194,91730177,0
669194,97590558,0
669194,116934015,0
669194,119631156,2
669194,153836240,2
669194,157989498,2
669194,164685175,2
669194,190826739,0
669194,292921272,2
669374,88271237,0
669374,93618577,0
669374,117089283,2
669374,155332459,2
669374,167976729,0
669374,183719386,0
669374,339235645,2
669374,352545711,2
669374,401792574,0
669374,408729743,2
669427,10366616,2
669427,38628747,0
669427,86698277,2
669427,94786276,2
669427,97658618,0
669427,100058342,2
669427,103735745,2
669427,126212866,0
669427,145550466,0
669427,238239590,0
669498,16497807,2
669498,88271237,0
669498,91730177,2
669498,93618577,0
669498,97590558,2
669498,116934015,2
669498,167976729,0
669498,183719386,0
669498,190826739,2
669498,401792574,0
669715,10366616,2
669715,86698277,2
669715,88271237,0
669715,93618577,0
669715,94786276,2
669715,100058342,2
669715,103735745,2
669715,167976729,0
669715,183719386,0
669715,401792574,0
669760,38628747,2
669760,88271237,0
669760,93618577,0
669760,97658618,2
669760,126212866,2
669760,145550466,2
669760,167976729,0
669760,183719386,0
669760,238239590,2
669760,401792574,0
670851,28070572,2
670851,50828662,0
670851,84429681,0
670851,86822085,0
670851,100758751,2
670851,110448679,0
670851,126238768,0
670851,191290281,2
670851,392385140,2
670851,399920568,2
670890,81475303,0
670890,110583422,0
670890,125995177,2
670890,131303632,2
670890,138177198,2
670890,138880576,0
670890,153125655,0
670890,177203952,2
670890,412758827,0
670890,1031547092,2
671769,50828662,0
671769,81475303,2
671769,84429681,0
671769,86822085,0
671769,110448679,0
671769,110583422,2
671769,126238768,0
671769,138880576,2
671769,153125655,2
671769,412758827,2
672074,59752811,0
672074,81475303,2
672074,91741256,0
672074,110583422,2
672074,115141430,0
672074,138880576,2
672074,153125655,2
672074,191362875,0
672074,412413765,0
672074,412758827,2
672110,50828662,0
672110,59752811,2
672110,84429681,0
672110,86822085,0
672110,91741256,2
672110,110448679,0
672110,115141430,2
672110,126238768,0
672110,191362875,2
672110,412413765,2
674596,107803494,0
674596,108221389,2
674596,129958758,0
674596,148215639,0
674596,162926943,2
674596,165178538,2
674596,183378746,0
674596,207829314,0
674596,250547284,2
674596,255219872,2
674621,111114687,2
674621,118134220,2
674621,147767183,0
674621,150961567,0
674621,157475523,2
674621,173978074,2
674621,249835593,0
674621,315272623,0
674621,320252024,0
674621,898754153,2
674623,111114687,2
674623,118134220,2
674623,147767183,0
674623,150961567,0
674623,157475523,2
674623,173978074,2
674623,249835593,0
674623,315272623,0
674623,320252024,0
674623,898754153,2
674640,84772440,2
674640,87278757,2
674640,89117038,2
674640,90125566,0
674640,93618577,0
674640,121769650,2
674640,127617979,2
674640,167976729,0
674640,183719386,0
674640,401792574,0
674673,16497807,2
674673,91730177,2
674673,96803083,0
674673,97590558,2
674673,116934015,2
674673,127565532,0
674673,140288368,0
674673,190826739,2
674673,196878136,0
674673,331855530,0
674743,25907144,2
674743,50828662,0
674743,84429681,0
674743,86745912,2
674743,86822085,0
674743,94155156,2
674743,110448679,0
674743,124801257,2
674743,126238768,0
674743,154715080,2
674924,10366616,0
674924,86698277,0
674924,86700461,2
674924,92601861,2
674924,94786276,0
674924,100058342,0
674924,103735745,0
674924,257698084,2
674924,314584168,2
674924,412753955,2
675030,81475303,0
675030,93159453,2
675030,108624725,2
675030,110583422,0
675030,131777279,2
675030,138880576,0
675030,153125655,0
675030,172739956,2
675030,295877832,2
675030,412758827,0
675066,86726887,0
675066,86799300,0
675066,87063175,0
675066,98961223,2
675066,108452107,0
675066,114585639,2
675066,169405715,2
675066,191362875,2
675066,221666230,0
675066,361688848,2
675475,94296097,2
675475,94738847,2
675475,106863163,2
675475,139031324,0
675475,139876032,2
675475,158847773,0
675475,192819341,0
675475,206642367,2
675475,227657377,0
675475,293950128,0
675803,12231202,0
675803,18180970,0
675803,41231571,0
675803,54580962,2
675803,72312627,2
675803,73562326,2
675803,77490514,2
675803,122049498,0
675803,151069590,0
675803,152962063,2
675896,84772440,0
675896,86700461,2
675896,87278757,0
675896,92601861,2
675896,111030315,0
675896,121769650,0
675896,127617979,0
675896,257698084,2
675896,314584168,2
675896,412753955,2
675947,38628747,0
675947,85367644,2
675947,88826062,2
675947,97658618,0
675947,104275965,2
675947,126212866,0
675947,145550466,0
675947,238239590,0
675947,329977411,2
675947,1071332616,2
676006,50828662,0
676006,84429681,0
676006,86822085,0
676006,93159453,2
676006,108624725,2
676006,110448679,0
676006,126238768,0
676006,131777279,2
676006,172739956,2
676006,295877832,2
676105,111114687,0
676105,118134220,0
676105,139031324,2
676105,157475523,0
676105,158847773,2
676105,173978074,0
676105,192819341,2
676105,227657377,2
676105,293950128,2
676105,898754153,0
676139,107081378,2
676139,114645455,2
676139,134276083,0
676139,137129583,2
676139,137193239,0
676139,138543123,0
676139,139937922,2
676139,143693439,0
676139,185908355,0
676139,277141004,2
676795,108221389,0
676795,134276083,2
676795,137193239,2
676795,138543123,2
676795,143693439,2
676795,162926943,0
676795,165178538,0
676795,185908355,2
676795,250547284,0
676795,255219872,0
676808,107081378,0
676808,107803494,2
676808,114645455,0
676808,129958758,2
676808,137129583,0
676808,139937922,0
676808,148215639,2
676808,183378746,2
676808,207829314,2
676808,277141004,0
676838,10366616,0
676838,86698277,0
676838,90125566,2
676838,93618577,2
676838,94786276,0
676838,100058342,0
676838,103735745,0
676838,167976729,2
676838,183719386,2
676838,401792574,2
676874,16497807,2
676874,54580962,0
676874,72312627,0
676874,73562326,0
676874,77490514,0
676874,91730177,2
676874,97590558,2
676874,116934015,2
676874,152962063,0
676874,190826739,2
676949,25907144,0
676949,81475303,2
676949,86745912,0
676949,94155156,0
676949,110583422,2
676949,124801257,0
676949,138880576,2
676949,153125655,2
676949,154715080,0
676949,412758827,2
677146,12231202,2
677146,18180970,2
677146,41231571,2
677146,96803083,0
677146,122049498,2
677146,127565532,0
677146,140288368,0
677146,151069590,2
677146,196878136,0
677146,331855530,0
677292,38628747,2
677292,86726887,0
677292,86799300,0
677292,87063175,0
677292,97658618,2
677292,108452107,0
677292,126212866,2
677292,145550466,2
677292,221666230,0
677292,238239590,2
677327,85367644,0
677327,88826062,0
677327,98961223,2
677327,104275965,0
677327,114585639,2
677327,169405715,2
677327,191362875,2
677327,277196834,2
677327,329977411,0
677327,361688848,2
677327,1071332616,0
677764,94296097,0
677764,94738847,0
677764,106863163,0
677764,139876032,0
677764,147767183,2
677764,150961567,2
677764,206642367,0
677764,249835593,2
677764,315272623,2
677764,320252024,2
678135,90125566,0
678135,93618577,0
678135,96803083,2
678135,127565532,2
678135,140288368,2
678135,167976729,0
678135,183719386,0
678135,196878136,2
678135,331855530,2
678135,401792574,0
678178,12231202,2
678178,16497807,0
678178,18180970,2
678178,41231571,2
678178,91730177,0
678178,97590558,0
678178,116934015,0
678178,122049498,2
678178,151069590,2
678178,190826739,0
678229,25907144,0
678229,85367644,2
678229,86745912,0
678229,88826062,2
678229,94155156,0
678229,104275965,2
678229,124801257,0
678229,154715080,0
678229,329977411,2
678229,1071332616,2
678285,38628747,0
678285,97658618,0
678285,98961223,2
678285,114585639,2
678285,126212866,0
678285,145550466,0
678285,169405715,2
678285,191362875,2
678285,238239590,0
678285,361688848,2
678359,94296097,0
678359,94738847,0
678359,106863163,0
678359,108221389,2
678359,139876032,0
678359,162926943,2
678359,165178538,2
678359,206642367,0
678359,250547284,2
678359,255219872,2
678390,107081378,0
678390,111114687,2
678390,114645455,0
678390,118134220,2
678390,137129583,0
678390,139937922,0
678390,157475523,2
678390,173978074,2
678390,277141004,0
678390,898754153,2
678945,107803494,0
678945,129958758,0
678945,139031324,2
678945,148215639,0
678945,158847773,2
678945,183378746,0
678945,192819341,2
678945,207829314,0
678945,227657377,2
678945,293950128,2
678958,134276083,0
678958,137193239,0
678958,138543123,0
678958,143693439,0
678958,147767183,2
678958,150961567,2
678958,185908355,0
678958,249835593,2
678958,315272623,2
678958,320252024,2
678984,10366616,0
678984,84772440,2
678984,86698277,0
678984,87278757,2
678984,94786276,0
678984,100058342,0
678984,103735745,0
678984,111030315,2
678984,121769650,2
678984,127617979,2
679049,54580962,0
679049,72312627,0
679049,73562326,0
679049,77490514,0
679049,86700461,2
679049,92601861,2
679049,152962063,0
679049,257698084,2
679049,314584168,2
679049,412753955,2
679099,50828662,0
679099,81475303,2
679099,84429681,0
679099,86822085,0
679099,110448679,0
679099,110583422,2
679099,126238768,0
679099,138880576,2
679099,153125655,2
679099,412758827,2
679233,16497807,2
679233,90125566,0
679233,91730177,2
679233,93618577,0
679233,97590558,2
679233,116934015,2
679233,167976729,0
679233,183719386,0
679233,190826739,2
679233,401792574,0
679309,86726887,0
679309,86799300,0
679309,87063175,0
679309,93159453,2
679309,108452107,0
679309,108624725,2
679309,131777279,2
679309,172739956,2
679309,221666230,0
679309,295877832,2
679361,25907144,0
679361,38628747,2
679361,86745912,0
679361,94155156,0
679361,97658618,2
679361,124801257,0
679361,126212866,2
679361,145550466,2
679361,154715080,0
679361,238239590,2
679767,108221389,2
679767,111114687,0
679767,118134220,0
679767,157475523,0
679767,162926943,2
679767,165178538,2
679767,173978074,0
679767,250547284,2
679767,255219872,2
679767,898754153,0
680113,84772440,2
680113,87278757,2
680113,96803083,0
680113,111030315,2
680113,121769650,2
680113,127565532,0
680113,127617979,2
680113,140288368,0
680113,196878136,0
680113,331855530,0
680193,10366616,2
680193,54580962,0
680193,72312627,0
680193,73562326,0
680193,77490514,0
680193,86698277,2
680193,94786276,2
680193,100058342,2
680193,103735745,2
680193,152962063,0
680242,81475303,2
680242,86726887,0
680242,86799300,0
680242,87063175,0
680242,108452107,0
680242,110583422,2
680242,138880576,2
680242,153125655,2
680242,221666230,0
680242,412758827,2
680272,50828662,0
680272,84429681,0
680272,85367644,2
680272,86822085,0
680272,88826062,2
680272,104275965,2
680272,110448679,0
680272,126238768,0
680272,329977411,2
680272,1071332616,2
680343,94296097,0
680343,94738847,0
680343,106863163,0
680343,107081378,2
680343,114645455,2
680343,137129583,2
680343,139876032,0
680343,139937922,2
680343,206642367,0
680343,277141004,2
680368,107803494,0
680368,129958758,0
680368,147767183,2
680368,148215639,0
680368,150961567,2
680368,183378746,0
680368,207829314,0
680368,249835593,2
680368,315272623,2
680368,320252024,2
680873,108221389,0
680873,147767183,2
680873,150961567,2
680873,162926943,0
680873,165178538,0
680873,249835593,2
680873,250547284,0
680873,255219872,0
680873,315272623,2
680873,320252024,2
680894,134276083,0
680894,137193239,0
680894,138543123,0
680894,139031324,2
680894,143693439,0
680894,158847773,2
680894,185908355,0
680894,192819341,2
680894,227657377,2
680894,293950128,2
680919,12231202,0
680919,18180970,0
680919,41231571,0
680919,86700461,2
680919,92601861,2
680919,122049498,0
680919,151069590,0
680919,257698084,2
680919,314584168,2
680919,412753955,2
680957,54580962,2
680957,72312627,2
680957,73562326,2
680957,77490514,2
680957,84772440,0
680957,87278757,0
680957,111030315,0
680957,121769650,0
680957,127617979,0
680957,152962063,2
681008,93159453,2
681008,98961223,0
681008,108624725,2
681008,114585639,0
681008,131777279,2
681008,169405715,0
681008,172739956,2
681008,191362875,0
681008,295877832,2
681008,361688848,0
681170,10366616,0
681170,86698277,0
681170,94786276,0
681170,96803083,2
681170,100058342,0
681170,103735745,0
681170,127565532,2
681170,140288368,2
681170,196878136,2
681170,331855530,2
681228,50828662,2
681228,84429681,2
681228,86726887,0
681228,86799300,0
681228,86822085,2
681228,87063175,0
681228,108452107,0
681228,110448679,2
681228,126238768,2
681228,221666230,0
681263,81475303,0
681263,85367644,2
681263,88826062,2
681263,92253768,2
681263,104275965,2
681263,110583422,0
681263,138880576,0
681263,153125655,0
681263,329977411,2
681263,412758827,0
681631,107081378,0
681631,114645455,0
681631,137129583,0
681631,139031324,2
681631,139937922,0
681631,158847773,2
681631,192819341,2
681631,227657377,2
681631,277141004,0
681631,293950128,2
681916,12231202,2
681916,18180970,2
681916,41231571,2
681916,90125566,0
681916,93618577,0
681916,122049498,2
681916,151069590,2
681916,167976729,0
681916,183719386,0
681916,401792574,0
681929,12231202,2
681929,18180970,2
681929,41231571,2
681929,90125566,0
681929,93618577,0
681929,122049498,2
681929,151069590,2
681929,167976729,0
681929,183719386,0
681929,401792574,0
681964,16497807,0
681964,86700461,2
681964,91730177,0
681964,92601861,2
681964,97590558,0
681964,116934015,0
681964,190826739,0
681964,257698084,2
681964,314584168,2
681964,412753955,2
682021,25907144,0
682021,86745912,0
682021,94155156,0
682021,98961223,2
682021,114585639,2
682021,124801257,0
682021,154715080,0
682021,169405715,2
682021,191362875,2
682021,361688848,2
682065,38628747,0
682065,93159453,2
682065,97658618,0
682065,108624725,2
682065,126212866,0
682065,145550466,0
682065,172739956,2
682065,238239590,0
682065,295877832,2
682065,319495561,2
682144,94296097,0
682144,94738847,0
682144,106863163,0
682144,107803494,2
682144,129958758,2
682144,139876032,0
682144,148215639,2
682144,183378746,2
682144,206642367,0
682144,207829314,2
682169,111114687,2
682169,118134220,2
682169,134276083,0
682169,137193239,0
682169,138543123,0
682169,143693439,0
682169,157475523,2
682169,173978074,2
682169,185908355,0
682169,898754153,2
682450,16497807,0
682450,38672293,2
682450,91730177,0
682450,97590558,0
682450,112179882,2
682450,116934015,0
682450,126927396,2
682450,190826739,0
682450,205517338,2
682450,368917218,2
682471,70917469,2
682471,96803083,0
682471,127565532,0
682471,140288368,0
682471,152285172,2
682471,184620877,2
682471,196878136,0
682471,321554723,2
682471,331855530,0
682471,879017980,2
682604,107081378,2
682604,108221389,0
682604,114645455,2
682604,137129583,2
682604,139937922,2
682604,162926943,0
682604,165178538,0
682604,250547284,0
682604,255219872,0
682604,277141004,2
682620,107803494,0
682620,129958758,0
682620,134276083,2
682620,137193239,2
682620,138543123,2
682620,143693439,2
682620,148215639,0
682620,183378746,0
682620,185908355,2
682620,207829314,0
682645,86700461,2
682645,90125566,0
682645,92601861,2
682645,93618577,0
682645,167976729,0
682645,183719386,0
682645,314584168,2
682645,401792574,0
682645,412753955,2
682645,855913461,2
682693,16497807,2
682693,84772440,0
682693,87278757,0
682693,91730177,2
682693,97590558,2
682693,111030315,0
682693,116934015,2
682693,121769650,0
682693,127617979,0
682693,190826739,2
682742,25907144,0
682742,86745912,0
682742,93159453,2
682742,94155156,0
682742,108624725,2
682742,124801257,0
682742,131777279,2
682742,154715080,0
682742,172739956,2
682742,295877832,2
